State_Tribe_Territory,County_Name,FIPS_State,FIPS_County,date,order_code,Face_Masks_Required_in_Public,Source_of_Action,URL,Citation
MI,Macomb County,26,99,4/10/2020,2,NA,NA,NA,NA
MI,Macomb County,26,99,4/11/2020,2,NA,NA,NA,NA
MI,Macomb County,26,99,4/12/2020,2,NA,NA,NA,NA
MI,Macomb County,26,99,4/13/2020,2,NA,NA,NA,NA
MI,Macomb County,26,99,4/14/2020,2,NA,NA,NA,NA
MI,Macomb County,26,99,4/15/2020,2,NA,NA,NA,NA
MI,Macomb County,26,99,4/16/2020,2,NA,NA,NA,NA
MI,Macomb County,26,99,4/17/2020,2,NA,NA,NA,NA
MI,Macomb County,26,99,4/18/2020,2,NA,NA,NA,NA
MI,Macomb County,26,99,4/19/2020,2,NA,NA,NA,NA
MI,Macomb County,26,99,4/20/2020,2,NA,NA,NA,NA
MI,Macomb County,26,99,4/21/2020,2,NA,NA,NA,NA
MI,Macomb County,26,99,4/22/2020,2,NA,NA,NA,NA
MI,Macomb County,26,99,4/23/2020,2,NA,NA,NA,NA
MI,Macomb County,26,99,4/24/2020,2,NA,NA,NA,NA
MI,Macomb County,26,99,4/25/2020,2,NA,NA,NA,NA
MI,Macomb County,26,99,4/26/2020,1,Yes,Official,https://content.govdelivery.com/attachments/MIEOG/2020/04/24/file_attachments/1435194/EO%202020-59.pdf,"Mich. Exec. Order No. 2020-59 (Apr. 24, 2020)"
MI,Macomb County,26,99,4/27/2020,1,Yes,Official,https://content.govdelivery.com/attachments/MIEOG/2020/04/24/file_attachments/1435194/EO%202020-59.pdf,"Mich. Exec. Order No. 2020-59 (Apr. 24, 2020)"
MI,Macomb County,26,99,4/28/2020,1,Yes,Official,https://content.govdelivery.com/attachments/MIEOG/2020/04/24/file_attachments/1435194/EO%202020-59.pdf,"Mich. Exec. Order No. 2020-59 (Apr. 24, 2020)"
MI,Macomb County,26,99,4/29/2020,1,Yes,Official,https://content.govdelivery.com/attachments/MIEOG/2020/04/24/file_attachments/1435194/EO%202020-59.pdf,"Mich. Exec. Order No. 2020-59 (Apr. 24, 2020)"
MI,Macomb County,26,99,4/30/2020,1,Yes,Official,https://content.govdelivery.com/attachments/MIEOG/2020/04/24/file_attachments/1435194/EO%202020-59.pdf,"Mich. Exec. Order No. 2020-59 (Apr. 24, 2020)"
MI,Macomb County,26,99,5/1/2020,1,Yes,Official,https://legislature.mi.gov/documents/2019-2020/executiveorder/pdf/2020-EO-70.pdf,"Mich. Exec. Order No. 2020-70 (May 1, 2020)"
MI,Macomb County,26,99,5/2/2020,1,Yes,Official,https://legislature.mi.gov/documents/2019-2020/executiveorder/pdf/2020-EO-70.pdf,"Mich. Exec. Order No. 2020-70 (May 1, 2020)"
MI,Macomb County,26,99,5/3/2020,1,Yes,Official,https://legislature.mi.gov/documents/2019-2020/executiveorder/pdf/2020-EO-70.pdf,"Mich. Exec. Order No. 2020-70 (May 1, 2020)"
MI,Macomb County,26,99,5/4/2020,1,Yes,Official,https://legislature.mi.gov/documents/2019-2020/executiveorder/pdf/2020-EO-70.pdf,"Mich. Exec. Order No. 2020-70 (May 1, 2020)"
MI,Macomb County,26,99,5/5/2020,1,Yes,Official,https://legislature.mi.gov/documents/2019-2020/executiveorder/pdf/2020-EO-70.pdf,"Mich. Exec. Order No. 2020-70 (May 1, 2020)"
MI,Macomb County,26,99,5/6/2020,1,Yes,Official,https://legislature.mi.gov/documents/2019-2020/executiveorder/pdf/2020-EO-70.pdf,"Mich. Exec. Order No. 2020-70 (May 1, 2020)"
MI,Macomb County,26,99,5/7/2020,1,Yes,Official,https://legislature.mi.gov/documents/2019-2020/executiveorder/PDF/2020-EO-77.PDF,"Mich. Exec. Order No. 2020-77 (May 7, 2020)"
MI,Macomb County,26,99,5/8/2020,1,Yes,Official,https://legislature.mi.gov/documents/2019-2020/executiveorder/PDF/2020-EO-77.PDF,"Mich. Exec. Order No. 2020-77 (May 7, 2020)"
MI,Macomb County,26,99,5/9/2020,1,Yes,Official,https://legislature.mi.gov/documents/2019-2020/executiveorder/PDF/2020-EO-77.PDF,"Mich. Exec. Order No. 2020-77 (May 7, 2020)"
MI,Macomb County,26,99,5/10/2020,1,Yes,Official,https://legislature.mi.gov/documents/2019-2020/executiveorder/PDF/2020-EO-77.PDF,"Mich. Exec. Order No. 2020-77 (May 7, 2020)"
MI,Macomb County,26,99,5/11/2020,1,Yes,Official,https://legislature.mi.gov/documents/2019-2020/executiveorder/PDF/2020-EO-77.PDF,"Mich. Exec. Order No. 2020-77 (May 7, 2020)"
MI,Macomb County,26,99,5/12/2020,1,Yes,Official,https://legislature.mi.gov/documents/2019-2020/executiveorder/PDF/2020-EO-77.PDF,"Mich. Exec. Order No. 2020-77 (May 7, 2020)"
MI,Macomb County,26,99,5/13/2020,1,Yes,Official,https://legislature.mi.gov/documents/2019-2020/executiveorder/PDF/2020-EO-77.PDF,"Mich. Exec. Order No. 2020-77 (May 7, 2020)"
MI,Macomb County,26,99,5/14/2020,1,Yes,Official,https://legislature.mi.gov/documents/2019-2020/executiveorder/PDF/2020-EO-77.PDF,"Mich. Exec. Order No. 2020-77 (May 7, 2020)"
MI,Macomb County,26,99,5/15/2020,1,Yes,Official,https://legislature.mi.gov/documents/2019-2020/executiveorder/PDF/2020-EO-77.PDF,"Mich. Exec. Order No. 2020-77 (May 7, 2020)"
MI,Macomb County,26,99,5/16/2020,1,Yes,Official,https://legislature.mi.gov/documents/2019-2020/executiveorder/PDF/2020-EO-77.PDF,"Mich. Exec. Order No. 2020-77 (May 7, 2020)"
MI,Macomb County,26,99,5/17/2020,1,Yes,Official,https://legislature.mi.gov/documents/2019-2020/executiveorder/PDF/2020-EO-77.PDF,"Mich. Exec. Order No. 2020-77 (May 7, 2020)"
MI,Macomb County,26,99,5/18/2020,1,Yes,Official,https://legislature.mi.gov/documents/2019-2020/executiveorder/pdf/2020-EO-92.pdf,"Mich. Exec. Order No. 2020-92 (May 18, 2020)"
MI,Macomb County,26,99,5/19/2020,1,Yes,Official,https://legislature.mi.gov/documents/2019-2020/executiveorder/pdf/2020-EO-92.pdf,"Mich. Exec. Order No. 2020-92 (May 18, 2020)"
MI,Macomb County,26,99,5/20/2020,1,Yes,Official,https://legislature.mi.gov/documents/2019-2020/executiveorder/pdf/2020-EO-92.pdf,"Mich. Exec. Order No. 2020-92 (May 18, 2020)"
MI,Macomb County,26,99,5/21/2020,1,Yes,Official,https://legislature.mi.gov/documents/2019-2020/executiveorder/pdf/2020-EO-96.pdf,"Mich. Exec. Order No. 2020-96 (May 21, 2020)"
MI,Macomb County,26,99,5/22/2020,1,Yes,Official,https://legislature.mi.gov/documents/2019-2020/executiveorder/pdf/2020-EO-100.pdf,"Mich. Exec. Order No. 2020-100 (May 22, 2020)"
MI,Macomb County,26,99,5/23/2020,1,Yes,Official,https://legislature.mi.gov/documents/2019-2020/executiveorder/pdf/2020-EO-100.pdf,"Mich. Exec. Order No. 2020-100 (May 22, 2020)"
MI,Macomb County,26,99,5/24/2020,1,Yes,Official,https://legislature.mi.gov/documents/2019-2020/executiveorder/pdf/2020-EO-100.pdf,"Mich. Exec. Order No. 2020-100 (May 22, 2020)"
MI,Macomb County,26,99,5/25/2020,1,Yes,Official,https://legislature.mi.gov/documents/2019-2020/executiveorder/pdf/2020-EO-100.pdf,"Mich. Exec. Order No. 2020-100 (May 22, 2020)"
MI,Macomb County,26,99,5/26/2020,1,Yes,Official,https://legislature.mi.gov/documents/2019-2020/executiveorder/pdf/2020-EO-100.pdf,"Mich. Exec. Order No. 2020-100 (May 22, 2020)"
MI,Macomb County,26,99,5/27/2020,1,Yes,Official,https://legislature.mi.gov/documents/2019-2020/executiveorder/pdf/2020-EO-100.pdf,"Mich. Exec. Order No. 2020-100 (May 22, 2020)"
MI,Macomb County,26,99,5/28/2020,1,Yes,Official,https://legislature.mi.gov/documents/2019-2020/executiveorder/pdf/2020-EO-100.pdf,"Mich. Exec. Order No. 2020-100 (May 22, 2020)"
MI,Macomb County,26,99,5/29/2020,1,Yes,Official,https://legislature.mi.gov/documents/2019-2020/executiveorder/pdf/2020-EO-100.pdf,"Mich. Exec. Order No. 2020-100 (May 22, 2020)"
MI,Macomb County,26,99,5/30/2020,1,Yes,Official,https://legislature.mi.gov/documents/2019-2020/executiveorder/pdf/2020-EO-100.pdf,"Mich. Exec. Order No. 2020-100 (May 22, 2020)"
MI,Macomb County,26,99,5/31/2020,1,Yes,Official,https://legislature.mi.gov/documents/2019-2020/executiveorder/pdf/2020-EO-100.pdf,"Mich. Exec. Order No. 2020-100 (May 22, 2020)"
MI,Macomb County,26,99,6/1/2020,1,Yes,Official,https://legislature.mi.gov/documents/2019-2020/executiveorder/pdf/2020-EO-110.pdf,"Mich. Exec. Order No. 2020-110 (June 1, 2020)"
MI,Macomb County,26,99,6/2/2020,1,Yes,Official,https://legislature.mi.gov/documents/2019-2020/executiveorder/pdf/2020-EO-110.pdf,"Mich. Exec. Order No. 2020-110 (June 1, 2020)"
MI,Macomb County,26,99,6/3/2020,1,Yes,Official,https://legislature.mi.gov/documents/2019-2020/executiveorder/pdf/2020-EO-110.pdf,"Mich. Exec. Order No. 2020-110 (June 1, 2020)"
MI,Macomb County,26,99,6/4/2020,1,Yes,Official,https://legislature.mi.gov/documents/2019-2020/executiveorder/pdf/2020-EO-110.pdf,"Mich. Exec. Order No. 2020-110 (June 1, 2020)"
MI,Macomb County,26,99,6/5/2020,1,Yes,Official,"https://www.michigan.gov/whitmer/0,9309,7-387-90499_90705-531127--,00.html","Mich. Exec. Order No. 2020-115 (June 5, 2020)"
MI,Macomb County,26,99,6/6/2020,1,Yes,Official,"https://www.michigan.gov/whitmer/0,9309,7-387-90499_90705-531127--,00.html","Mich. Exec. Order No. 2020-115 (June 5, 2020)"
MI,Macomb County,26,99,6/7/2020,1,Yes,Official,"https://www.michigan.gov/whitmer/0,9309,7-387-90499_90705-531127--,00.html","Mich. Exec. Order No. 2020-115 (June 5, 2020)"
MI,Macomb County,26,99,6/8/2020,1,Yes,Official,"https://www.michigan.gov/whitmer/0,9309,7-387-90499_90705-531127--,00.html","Mich. Exec. Order No. 2020-115 (June 5, 2020)"
MI,Macomb County,26,99,6/9/2020,1,Yes,Official,"https://www.michigan.gov/whitmer/0,9309,7-387-90499_90705-531127--,00.html","Mich. Exec. Order No. 2020-115 (June 5, 2020)"
MI,Macomb County,26,99,6/10/2020,1,Yes,Official,"https://www.michigan.gov/whitmer/0,9309,7-387-90499_90705-531127--,00.html","Mich. Exec. Order No. 2020-115 (June 5, 2020)"
MI,Macomb County,26,99,6/11/2020,1,Yes,Official,"https://www.michigan.gov/whitmer/0,9309,7-387-90499_90705-531127--,00.html","Mich. Exec. Order No. 2020-115 (June 5, 2020)"
MI,Macomb County,26,99,6/12/2020,1,Yes,Official,"https://www.michigan.gov/whitmer/0,9309,7-387-90499_90705-531127--,00.html","Mich. Exec. Order No. 2020-115 (June 5, 2020)"
MI,Macomb County,26,99,6/13/2020,1,Yes,Official,"https://www.michigan.gov/whitmer/0,9309,7-387-90499_90705-531127--,00.html","Mich. Exec. Order No. 2020-115 (June 5, 2020)"
MI,Macomb County,26,99,6/14/2020,1,Yes,Official,"https://www.michigan.gov/whitmer/0,9309,7-387-90499_90705-531127--,00.html","Mich. Exec. Order No. 2020-115 (June 5, 2020)"
MI,Macomb County,26,99,6/15/2020,1,Yes,Official,"https://www.michigan.gov/whitmer/0,9309,7-387-90499_90705-531127--,00.html","Mich. Exec. Order No. 2020-115 (June 5, 2020)"
MI,Macomb County,26,99,6/16/2020,1,Yes,Official,"https://www.michigan.gov/whitmer/0,9309,7-387-90499_90705-531127--,00.html","Mich. Exec. Order No. 2020-115 (June 5, 2020)"
MI,Macomb County,26,99,6/17/2020,1,Yes,Official,"https://www.michigan.gov/whitmer/0,9309,7-387-90499_90705-531127--,00.html","Mich. Exec. Order No. 2020-115 (June 5, 2020)"
MI,Macomb County,26,99,6/18/2020,1,Yes,Official,"https://www.michigan.gov/whitmer/0,9309,7-387-90499_90705-531127--,00.html","Mich. Exec. Order No. 2020-115 (June 5, 2020)"
MI,Macomb County,26,99,6/19/2020,1,Yes,Official,"https://www.michigan.gov/whitmer/0,9309,7-387-90499_90705-531127--,00.html","Mich. Exec. Order No. 2020-115 (June 5, 2020)"
MI,Macomb County,26,99,6/20/2020,1,Yes,Official,"https://www.michigan.gov/whitmer/0,9309,7-387-90499_90705-531127--,00.html","Mich. Exec. Order No. 2020-115 (June 5, 2020)"
MI,Macomb County,26,99,6/21/2020,1,Yes,Official,"https://www.michigan.gov/whitmer/0,9309,7-387-90499_90705-531127--,00.html","Mich. Exec. Order No. 2020-115 (June 5, 2020)"
MI,Macomb County,26,99,6/22/2020,1,Yes,Official,"https://www.michigan.gov/whitmer/0,9309,7-387-90499_90705-531127--,00.html","Mich. Exec. Order No. 2020-115 (June 5, 2020)"
MI,Macomb County,26,99,6/23/2020,1,Yes,Official,"https://www.michigan.gov/whitmer/0,9309,7-387-90499_90705-531127--,00.html","Mich. Exec. Order No. 2020-115 (June 5, 2020)"
MI,Macomb County,26,99,6/24/2020,1,Yes,Official,"https://www.michigan.gov/whitmer/0,9309,7-387-90499_90705-531127--,00.html","Mich. Exec. Order No. 2020-115 (June 5, 2020)"
MI,Macomb County,26,99,6/25/2020,1,Yes,Official,"https://www.michigan.gov/whitmer/0,9309,7-387-90499_90705-531127--,00.html","Mich. Exec. Order No. 2020-115 (June 5, 2020)"
MI,Macomb County,26,99,6/26/2020,1,Yes,Official,"https://www.michigan.gov/whitmer/0,9309,7-387-90499_90705-531127--,00.html","Mich. Exec. Order No. 2020-115 (June 5, 2020)"
MI,Macomb County,26,99,6/27/2020,1,Yes,Official,"https://www.michigan.gov/whitmer/0,9309,7-387-90499_90705-531127--,00.html","Mich. Exec. Order No. 2020-115 (June 5, 2020)"
MI,Macomb County,26,99,6/28/2020,1,Yes,Official,"https://www.michigan.gov/whitmer/0,9309,7-387-90499_90705-531127--,00.html","Mich. Exec. Order No. 2020-115 (June 5, 2020)"
MI,Macomb County,26,99,6/29/2020,1,Yes,Official,"https://www.michigan.gov/whitmer/0,9309,7-387-90499_90705-531127--,00.html","Mich. Exec. Order No. 2020-115 (June 5, 2020)"
MI,Macomb County,26,99,6/30/2020,1,Yes,Official,"https://www.michigan.gov/whitmer/0,9309,7-387-90499_90705-531127--,00.html","Mich. Exec. Order No. 2020-115 (June 5, 2020)"
MI,Macomb County,26,99,7/1/2020,1,Yes,Official,"https://www.michigan.gov/whitmer/0,9309,7-387-90499_90705-531127--,00.html","Mich. Exec. Order No. 2020-115 (June 5, 2020)"
MI,Macomb County,26,99,7/2/2020,1,Yes,Official,"https://www.michigan.gov/whitmer/0,9309,7-387-90499_90705-531127--,00.html","Mich. Exec. Order No. 2020-115 (June 5, 2020)"
MI,Macomb County,26,99,7/3/2020,1,Yes,Official,"https://www.michigan.gov/whitmer/0,9309,7-387-90499_90705-531127--,00.html","Mich. Exec. Order No. 2020-115 (June 5, 2020)"
MI,Macomb County,26,99,7/4/2020,1,Yes,Official,"https://www.michigan.gov/whitmer/0,9309,7-387-90499_90705-531127--,00.html","Mich. Exec. Order No. 2020-115 (June 5, 2020)"
MI,Macomb County,26,99,7/5/2020,1,Yes,Official,"https://www.michigan.gov/whitmer/0,9309,7-387-90499_90705-531127--,00.html","Mich. Exec. Order No. 2020-115 (June 5, 2020)"
MI,Macomb County,26,99,7/6/2020,1,Yes,Official,"https://www.michigan.gov/whitmer/0,9309,7-387-90499_90705-531127--,00.html","Mich. Exec. Order No. 2020-115 (June 5, 2020)"
MI,Macomb County,26,99,7/7/2020,1,Yes,Official,"https://www.michigan.gov/whitmer/0,9309,7-387-90499_90705-531127--,00.html","Mich. Exec. Order No. 2020-115 (June 5, 2020)"
MI,Macomb County,26,99,7/8/2020,1,Yes,Official,"https://www.michigan.gov/whitmer/0,9309,7-387-90499_90705-531127--,00.html","Mich. Exec. Order No. 2020-115 (June 5, 2020)"
MI,Macomb County,26,99,7/9/2020,1,Yes,Official,"https://www.michigan.gov/whitmer/0,9309,7-387-90499_90705-531127--,00.html","Mich. Exec. Order No. 2020-115 (June 5, 2020)"
MI,Macomb County,26,99,7/10/2020,1,Yes,Official,https://legislature.mi.gov/documents/2019-2020/executiveorder/pdf/2020-EO-147.pdf,"Mich. Exec. Order No. 2020-147 (July 10, 2020)"
MI,Macomb County,26,99,7/11/2020,1,Yes,Official,https://legislature.mi.gov/documents/2019-2020/executiveorder/pdf/2020-EO-147.pdf,"Mich. Exec. Order No. 2020-147 (July 10, 2020)"
MI,Macomb County,26,99,7/12/2020,1,Yes,Official,https://legislature.mi.gov/documents/2019-2020/executiveorder/pdf/2020-EO-147.pdf,"Mich. Exec. Order No. 2020-147 (July 10, 2020)"
MI,Macomb County,26,99,7/13/2020,1,Yes,Official,https://legislature.mi.gov/documents/2019-2020/executiveorder/pdf/2020-EO-147.pdf,"Mich. Exec. Order No. 2020-147 (July 10, 2020)"
MI,Macomb County,26,99,7/14/2020,1,Yes,Official,https://legislature.mi.gov/documents/2019-2020/executiveorder/pdf/2020-EO-147.pdf,"Mich. Exec. Order No. 2020-147 (July 10, 2020)"
MI,Macomb County,26,99,7/15/2020,1,Yes,Official,https://legislature.mi.gov/documents/2019-2020/executiveorder/pdf/2020-EO-147.pdf,"Mich. Exec. Order No. 2020-147 (July 10, 2020)"
MI,Macomb County,26,99,7/16/2020,1,Yes,Official,https://legislature.mi.gov/documents/2019-2020/executiveorder/pdf/2020-EO-147.pdf,"Mich. Exec. Order No. 2020-147 (July 10, 2020)"
MI,Macomb County,26,99,7/17/2020,1,Yes,Official,https://content.govdelivery.com/attachments/MIEOG/2020/07/17/file_attachments/1498115/EO%202020-153%20Emerg%20order%20-%20Masks%20-%20re-issue.pdf,"Mich. Exec. Order. No. 2020-153 (July 17, 2020)"
MI,Macomb County,26,99,7/18/2020,1,Yes,Official,https://content.govdelivery.com/attachments/MIEOG/2020/07/17/file_attachments/1498115/EO%202020-153%20Emerg%20order%20-%20Masks%20-%20re-issue.pdf,"Mich. Exec. Order. No. 2020-153 (July 17, 2020)"
MI,Macomb County,26,99,7/19/2020,1,Yes,Official,https://content.govdelivery.com/attachments/MIEOG/2020/07/17/file_attachments/1498115/EO%202020-153%20Emerg%20order%20-%20Masks%20-%20re-issue.pdf,"Mich. Exec. Order. No. 2020-153 (July 17, 2020)"
MI,Macomb County,26,99,7/20/2020,1,Yes,Official,https://content.govdelivery.com/attachments/MIEOG/2020/07/17/file_attachments/1498115/EO%202020-153%20Emerg%20order%20-%20Masks%20-%20re-issue.pdf,"Mich. Exec. Order. No. 2020-153 (July 17, 2020)"
MI,Macomb County,26,99,7/21/2020,1,Yes,Official,https://content.govdelivery.com/attachments/MIEOG/2020/07/17/file_attachments/1498115/EO%202020-153%20Emerg%20order%20-%20Masks%20-%20re-issue.pdf,"Mich. Exec. Order. No. 2020-153 (July 17, 2020)"
MI,Macomb County,26,99,7/22/2020,1,Yes,Official,https://content.govdelivery.com/attachments/MIEOG/2020/07/17/file_attachments/1498115/EO%202020-153%20Emerg%20order%20-%20Masks%20-%20re-issue.pdf,"Mich. Exec. Order. No. 2020-153 (July 17, 2020)"
MI,Macomb County,26,99,7/23/2020,1,Yes,Official,https://content.govdelivery.com/attachments/MIEOG/2020/07/17/file_attachments/1498115/EO%202020-153%20Emerg%20order%20-%20Masks%20-%20re-issue.pdf,"Mich. Exec. Order. No. 2020-153 (July 17, 2020)"
MI,Macomb County,26,99,7/24/2020,1,Yes,Official,https://content.govdelivery.com/attachments/MIEOG/2020/07/17/file_attachments/1498115/EO%202020-153%20Emerg%20order%20-%20Masks%20-%20re-issue.pdf,"Mich. Exec. Order. No. 2020-153 (July 17, 2020)"
MI,Macomb County,26,99,7/25/2020,1,Yes,Official,https://content.govdelivery.com/attachments/MIEOG/2020/07/17/file_attachments/1498115/EO%202020-153%20Emerg%20order%20-%20Masks%20-%20re-issue.pdf,"Mich. Exec. Order. No. 2020-153 (July 17, 2020)"
MI,Macomb County,26,99,7/26/2020,1,Yes,Official,https://content.govdelivery.com/attachments/MIEOG/2020/07/17/file_attachments/1498115/EO%202020-153%20Emerg%20order%20-%20Masks%20-%20re-issue.pdf,"Mich. Exec. Order. No. 2020-153 (July 17, 2020)"
MI,Macomb County,26,99,7/27/2020,1,Yes,Official,https://content.govdelivery.com/attachments/MIEOG/2020/07/17/file_attachments/1498115/EO%202020-153%20Emerg%20order%20-%20Masks%20-%20re-issue.pdf,"Mich. Exec. Order. No. 2020-153 (July 17, 2020)"
MI,Macomb County,26,99,7/28/2020,1,Yes,Official,https://content.govdelivery.com/attachments/MIEOG/2020/07/17/file_attachments/1498115/EO%202020-153%20Emerg%20order%20-%20Masks%20-%20re-issue.pdf,"Mich. Exec. Order. No. 2020-153 (July 17, 2020)"
MI,Macomb County,26,99,7/29/2020,1,Yes,Official,https://www.michigan.gov/documents/coronavirus/MDHHS_epidemic_order_-_late_july_omnibus_order_-_FINAL_ready_for_signature_697769_7.pdf,"Mich. Health Order (July 29, 2020)"
MI,Macomb County,26,99,7/30/2020,1,Yes,Official,https://www.michigan.gov/documents/coronavirus/MDHHS_epidemic_order_-_late_july_omnibus_order_-_FINAL_ready_for_signature_697769_7.pdf,"Mich. Health Order (July 29, 2020)"
MI,Macomb County,26,99,7/31/2020,1,Yes,Official,https://www.michigan.gov/documents/coronavirus/MDHHS_epidemic_order_-_late_july_omnibus_order_-_FINAL_ready_for_signature_697769_7.pdf,"Mich. Health Order (July 29, 2020)"
MI,Macomb County,26,99,8/1/2020,1,Yes,Official,https://www.michigan.gov/documents/coronavirus/MDHHS_epidemic_order_-_late_july_omnibus_order_-_FINAL_ready_for_signature_697769_7.pdf,"Mich. Health Order (July 29, 2020)"
MI,Macomb County,26,99,8/2/2020,1,Yes,Official,https://www.michigan.gov/documents/coronavirus/MDHHS_epidemic_order_-_late_july_omnibus_order_-_FINAL_ready_for_signature_697769_7.pdf,"Mich. Health Order (July 29, 2020)"
MI,Macomb County,26,99,8/3/2020,1,Yes,Official,https://www.michigan.gov/documents/coronavirus/MDHHS_epidemic_order_-_late_july_omnibus_order_-_FINAL_ready_for_signature_697769_7.pdf,"Mich. Health Order (July 29, 2020)"
MI,Macomb County,26,99,8/4/2020,1,Yes,Official,https://www.michigan.gov/documents/coronavirus/MDHHS_epidemic_order_-_late_july_omnibus_order_-_FINAL_ready_for_signature_697769_7.pdf,"Mich. Health Order (July 29, 2020)"
MI,Macomb County,26,99,8/5/2020,1,Yes,Official,https://www.michigan.gov/documents/coronavirus/MDHHS_epidemic_order_-_late_july_omnibus_order_-_FINAL_ready_for_signature_697769_7.pdf,"Mich. Health Order (July 29, 2020)"
MI,Macomb County,26,99,8/6/2020,1,Yes,Official,https://www.michigan.gov/documents/coronavirus/MDHHS_epidemic_order_-_late_july_omnibus_order_-_FINAL_ready_for_signature_697769_7.pdf,"Mich. Health Order (July 29, 2020)"
MI,Macomb County,26,99,8/7/2020,1,Yes,Official,https://www.michigan.gov/documents/coronavirus/MDHHS_epidemic_order_-_late_july_omnibus_order_-_FINAL_ready_for_signature_697769_7.pdf,"Mich. Health Order (July 29, 2020)"
MI,Macomb County,26,99,8/8/2020,1,Yes,Official,https://www.michigan.gov/documents/coronavirus/MDHHS_epidemic_order_-_late_july_omnibus_order_-_FINAL_ready_for_signature_697769_7.pdf,"Mich. Health Order (July 29, 2020)"
MI,Macomb County,26,99,8/9/2020,1,Yes,Official,https://www.michigan.gov/documents/coronavirus/MDHHS_epidemic_order_-_late_july_omnibus_order_-_FINAL_ready_for_signature_697769_7.pdf,"Mich. Health Order (July 29, 2020)"
MI,Macomb County,26,99,8/10/2020,1,Yes,Official,https://www.michigan.gov/documents/coronavirus/MDHHS_epidemic_order_-_late_july_omnibus_order_-_FINAL_ready_for_signature_697769_7.pdf,"Mich. Health Order (July 29, 2020)"
MI,Macomb County,26,99,8/11/2020,1,Yes,Official,https://www.michigan.gov/documents/coronavirus/MDHHS_epidemic_order_-_late_july_omnibus_order_-_FINAL_ready_for_signature_697769_7.pdf,"Mich. Health Order (July 29, 2020)"
MI,Macomb County,26,99,8/12/2020,1,Yes,Official,https://www.michigan.gov/documents/coronavirus/MDHHS_epidemic_order_-_late_july_omnibus_order_-_FINAL_ready_for_signature_697769_7.pdf,"Mich. Health Order (July 29, 2020)"
MI,Macomb County,26,99,8/13/2020,1,Yes,Official,https://www.michigan.gov/documents/coronavirus/MDHHS_epidemic_order_-_late_july_omnibus_order_-_FINAL_ready_for_signature_697769_7.pdf,"Mich. Health Order (July 29, 2020)"
MI,Macomb County,26,99,8/14/2020,1,Yes,Official,https://www.michigan.gov/documents/coronavirus/MDHHS_epidemic_order_-_late_july_omnibus_order_-_FINAL_ready_for_signature_697769_7.pdf,"Mich. Health Order (July 29, 2020)"
MI,Macomb County,26,99,8/15/2020,1,Yes,Official,https://www.michigan.gov/documents/coronavirus/MDHHS_epidemic_order_-_late_july_omnibus_order_-_FINAL_ready_for_signature_697769_7.pdf,"Mich. Health Order (July 29, 2020)"
MI,Macomb County,26,99,8/16/2020,1,Yes,Official,https://www.michigan.gov/documents/coronavirus/MDHHS_epidemic_order_-_late_july_omnibus_order_-_FINAL_ready_for_signature_697769_7.pdf,"Mich. Health Order (July 29, 2020)"
MI,Macomb County,26,99,8/17/2020,1,Yes,Official,https://www.michigan.gov/documents/coronavirus/MDHHS_epidemic_order_-_late_july_omnibus_order_-_FINAL_ready_for_signature_697769_7.pdf,"Mich. Health Order (July 29, 2020)"
MI,Macomb County,26,99,8/18/2020,1,Yes,Official,https://www.michigan.gov/documents/coronavirus/MDHHS_epidemic_order_-_late_july_omnibus_order_-_FINAL_ready_for_signature_697769_7.pdf,"Mich. Health Order (July 29, 2020)"
MI,Macomb County,26,99,8/19/2020,1,Yes,Official,https://www.michigan.gov/documents/coronavirus/MDHHS_epidemic_order_-_late_july_omnibus_order_-_FINAL_ready_for_signature_697769_7.pdf,"Mich. Health Order (July 29, 2020)"
MI,Macomb County,26,99,8/20/2020,1,Yes,Official,https://www.michigan.gov/documents/coronavirus/MDHHS_epidemic_order_-_late_july_omnibus_order_-_FINAL_ready_for_signature_697769_7.pdf,"Mich. Health Order (July 29, 2020)"
MI,Macomb County,26,99,8/21/2020,1,Yes,Official,https://www.michigan.gov/documents/coronavirus/MDHHS_epidemic_order_-_late_july_omnibus_order_-_FINAL_ready_for_signature_697769_7.pdf,"Mich. Health Order (July 29, 2020)"
MI,Macomb County,26,99,8/22/2020,1,Yes,Official,https://www.michigan.gov/documents/coronavirus/MDHHS_epidemic_order_-_late_july_omnibus_order_-_FINAL_ready_for_signature_697769_7.pdf,"Mich. Health Order (July 29, 2020)"
MI,Macomb County,26,99,8/23/2020,1,Yes,Official,https://www.michigan.gov/documents/coronavirus/MDHHS_epidemic_order_-_late_july_omnibus_order_-_FINAL_ready_for_signature_697769_7.pdf,"Mich. Health Order (July 29, 2020)"
MI,Macomb County,26,99,8/24/2020,1,Yes,Official,https://www.michigan.gov/documents/coronavirus/MDHHS_epidemic_order_-_late_july_omnibus_order_-_FINAL_ready_for_signature_697769_7.pdf,"Mich. Health Order (July 29, 2020)"
MI,Macomb County,26,99,8/25/2020,1,Yes,Official,https://www.michigan.gov/documents/coronavirus/MDHHS_epidemic_order_-_late_july_omnibus_order_-_FINAL_ready_for_signature_697769_7.pdf,"Mich. Health Order (July 29, 2020)"
MI,Macomb County,26,99,8/26/2020,1,Yes,Official,https://www.michigan.gov/documents/coronavirus/MDHHS_epidemic_order_-_late_july_omnibus_order_-_FINAL_ready_for_signature_697769_7.pdf,"Mich. Health Order (July 29, 2020)"
MI,Macomb County,26,99,8/27/2020,1,Yes,Official,https://www.michigan.gov/documents/coronavirus/MDHHS_epidemic_order_-_late_july_omnibus_order_-_FINAL_ready_for_signature_697769_7.pdf,"Mich. Health Order (July 29, 2020)"
MI,Macomb County,26,99,9/29/2020,1,Yes,Official,https://legislature.mi.gov/documents/2019-2020/executiveorder/pdf/2020-EO-184.pdf,"Mich. Exec. Order No. 2020-184 (Sept. 25, 2020)"
MI,Macomb County,26,99,8/28/2020,1,Yes,Official,https://www.michigan.gov/documents/coronavirus/MDHHS_epidemic_order_-_late_july_omnibus_order_-_FINAL_ready_for_signature_697769_7.pdf,"Mich. Health Order (July 29, 2020)"
MI,Macomb County,26,99,8/29/2020,1,Yes,Official,https://www.michigan.gov/documents/coronavirus/MDHHS_epidemic_order_-_late_july_omnibus_order_-_FINAL_ready_for_signature_697769_7.pdf,"Mich. Health Order (July 29, 2020)"
MI,Macomb County,26,99,8/30/2020,1,Yes,Official,https://www.michigan.gov/documents/coronavirus/MDHHS_epidemic_order_-_late_july_omnibus_order_-_FINAL_ready_for_signature_697769_7.pdf,"Mich. Health Order (July 29, 2020)"
MI,Macomb County,26,99,8/31/2020,1,Yes,Official,https://www.michigan.gov/documents/coronavirus/MDHHS_epidemic_order_-_late_july_omnibus_order_-_FINAL_ready_for_signature_697769_7.pdf,"Mich. Health Order (July 29, 2020)"
MI,Macomb County,26,99,9/1/2020,1,Yes,Official,https://www.michigan.gov/documents/coronavirus/MDHHS_epidemic_order_-_late_july_omnibus_order_-_FINAL_ready_for_signature_697769_7.pdf,"Mich. Health Order (July 29, 2020)"
MI,Macomb County,26,99,9/2/2020,1,Yes,Official,https://www.michigan.gov/documents/coronavirus/MDHHS_epidemic_order_-_late_july_omnibus_order_-_FINAL_ready_for_signature_697769_7.pdf,"Mich. Health Order (July 29, 2020)"
MI,Macomb County,26,99,9/3/2020,1,Yes,Official,https://www.michigan.gov/documents/coronavirus/MDHHS_epidemic_order_-_late_july_omnibus_order_-_FINAL_ready_for_signature_697769_7.pdf,"Mich. Health Order (July 29, 2020)"
MI,Macomb County,26,99,9/4/2020,1,Yes,Official,https://legislature.mi.gov/documents/2019-2020/executiveorder/pdf/2020-EO-176.pdf,"Mich. Exec. Order. No. 2020-176 (Sept. 3, 2020)"
MI,Macomb County,26,99,9/5/2020,1,Yes,Official,https://legislature.mi.gov/documents/2019-2020/executiveorder/pdf/2020-EO-176.pdf,"Mich. Exec. Order. No. 2020-176 (Sept. 3, 2020)"
MI,Macomb County,26,99,9/6/2020,1,Yes,Official,https://legislature.mi.gov/documents/2019-2020/executiveorder/pdf/2020-EO-176.pdf,"Mich. Exec. Order. No. 2020-176 (Sept. 3, 2020)"
MI,Macomb County,26,99,9/7/2020,1,Yes,Official,https://legislature.mi.gov/documents/2019-2020/executiveorder/pdf/2020-EO-176.pdf,"Mich. Exec. Order. No. 2020-176 (Sept. 3, 2020)"
MI,Macomb County,26,99,9/8/2020,1,Yes,Official,https://legislature.mi.gov/documents/2019-2020/executiveorder/pdf/2020-EO-176.pdf,"Mich. Exec. Order. No. 2020-176 (Sept. 3, 2020)"
MI,Macomb County,26,99,9/9/2020,1,Yes,Official,https://legislature.mi.gov/documents/2019-2020/executiveorder/pdf/2020-EO-176.pdf,"Mich. Exec. Order. No. 2020-176 (Sept. 3, 2020)"
MI,Macomb County,26,99,9/10/2020,1,Yes,Official,https://legislature.mi.gov/documents/2019-2020/executiveorder/pdf/2020-EO-176.pdf,"Mich. Exec. Order. No. 2020-176 (Sept. 3, 2020)"
MI,Macomb County,26,99,9/11/2020,1,Yes,Official,https://legislature.mi.gov/documents/2019-2020/executiveorder/pdf/2020-EO-176.pdf,"Mich. Exec. Order. No. 2020-176 (Sept. 3, 2020)"
MI,Macomb County,26,99,9/12/2020,1,Yes,Official,https://legislature.mi.gov/documents/2019-2020/executiveorder/pdf/2020-EO-176.pdf,"Mich. Exec. Order. No. 2020-176 (Sept. 3, 2020)"
MI,Macomb County,26,99,9/13/2020,1,Yes,Official,https://legislature.mi.gov/documents/2019-2020/executiveorder/pdf/2020-EO-176.pdf,"Mich. Exec. Order. No. 2020-176 (Sept. 3, 2020)"
MI,Macomb County,26,99,9/14/2020,1,Yes,Official,https://legislature.mi.gov/documents/2019-2020/executiveorder/pdf/2020-EO-176.pdf,"Mich. Exec. Order. No. 2020-176 (Sept. 3, 2020)"
MI,Macomb County,26,99,9/15/2020,1,Yes,Official,https://legislature.mi.gov/documents/2019-2020/executiveorder/pdf/2020-EO-176.pdf,"Mich. Exec. Order. No. 2020-176 (Sept. 3, 2020)"
MI,Macomb County,26,99,9/16/2020,1,Yes,Official,https://legislature.mi.gov/documents/2019-2020/executiveorder/pdf/2020-EO-176.pdf,"Mich. Exec. Order. No. 2020-176 (Sept. 3, 2020)"
MI,Macomb County,26,99,9/17/2020,1,Yes,Official,https://legislature.mi.gov/documents/2019-2020/executiveorder/pdf/2020-EO-176.pdf,"Mich. Exec. Order. No. 2020-176 (Sept. 3, 2020)"
MI,Macomb County,26,99,9/18/2020,1,Yes,Official,https://legislature.mi.gov/documents/2019-2020/executiveorder/pdf/2020-EO-176.pdf,"Mich. Exec. Order. No. 2020-176 (Sept. 3, 2020)"
MI,Macomb County,26,99,9/19/2020,1,Yes,Official,https://legislature.mi.gov/documents/2019-2020/executiveorder/pdf/2020-EO-176.pdf,"Mich. Exec. Order. No. 2020-176 (Sept. 3, 2020)"
MI,Macomb County,26,99,9/20/2020,1,Yes,Official,https://legislature.mi.gov/documents/2019-2020/executiveorder/pdf/2020-EO-176.pdf,"Mich. Exec. Order. No. 2020-176 (Sept. 3, 2020)"
MI,Macomb County,26,99,9/21/2020,1,Yes,Official,https://legislature.mi.gov/documents/2019-2020/executiveorder/pdf/2020-EO-176.pdf,"Mich. Exec. Order. No. 2020-176 (Sept. 3, 2020)"
MI,Macomb County,26,99,9/22/2020,1,Yes,Official,https://legislature.mi.gov/documents/2019-2020/executiveorder/pdf/2020-EO-176.pdf,"Mich. Exec. Order. No. 2020-176 (Sept. 3, 2020)"
MI,Macomb County,26,99,9/23/2020,1,Yes,Official,https://legislature.mi.gov/documents/2019-2020/executiveorder/pdf/2020-EO-176.pdf,"Mich. Exec. Order. No. 2020-176 (Sept. 3, 2020)"
MI,Macomb County,26,99,9/24/2020,1,Yes,Official,https://legislature.mi.gov/documents/2019-2020/executiveorder/pdf/2020-EO-176.pdf,"Mich. Exec. Order. No. 2020-176 (Sept. 3, 2020)"
MI,Macomb County,26,99,9/25/2020,1,Yes,Official,https://legislature.mi.gov/documents/2019-2020/executiveorder/pdf/2020-EO-184.pdf,"Mich. Exec. Order No. 2020-184 (Sept. 25, 2020)"
MI,Macomb County,26,99,9/26/2020,1,Yes,Official,https://legislature.mi.gov/documents/2019-2020/executiveorder/pdf/2020-EO-184.pdf,"Mich. Exec. Order No. 2020-184 (Sept. 25, 2020)"
MI,Macomb County,26,99,9/27/2020,1,Yes,Official,https://legislature.mi.gov/documents/2019-2020/executiveorder/pdf/2020-EO-184.pdf,"Mich. Exec. Order No. 2020-184 (Sept. 25, 2020)"
MI,Macomb County,26,99,9/28/2020,1,Yes,Official,https://legislature.mi.gov/documents/2019-2020/executiveorder/pdf/2020-EO-184.pdf,"Mich. Exec. Order No. 2020-184 (Sept. 25, 2020)"
MI,Macomb County,26,99,9/30/2020,1,Yes,Official,https://legislature.mi.gov/documents/2019-2020/executiveorder/pdf/2020-EO-184.pdf,"Mich. Exec. Order No. 2020-184 (Sept. 25, 2020)"
MI,Macomb County,26,99,10/1/2020,1,Yes,Official,https://legislature.mi.gov/documents/2019-2020/executiveorder/pdf/2020-EO-184.pdf,"Mich. Exec. Order No. 2020-184 (Sept. 25, 2020)"
MI,Macomb County,26,99,10/2/2020,2,No,Official,https://courts.michigan.gov/Courts/MichiganSupremeCourt/Clerks/Recent%20Opinions/20-21%20Term%20Opinions/In%20re%20Certified%20Questions-OP.pdf,"In re Certified Questions from the United States Dist Court, ___ Mich ___
(Docket No. 161492, Oct. 2, 2020)."
MI,Macomb County,26,99,10/3/2020,2,No,Official,https://courts.michigan.gov/Courts/MichiganSupremeCourt/Clerks/Recent%20Opinions/20-21%20Term%20Opinions/In%20re%20Certified%20Questions-OP.pdf,"In re Certified Questions from the United States Dist Court, ___ Mich ___
(Docket No. 161492, Oct. 2, 2020)."
MI,Macomb County,26,99,10/4/2020,2,No,Official,https://courts.michigan.gov/Courts/MichiganSupremeCourt/Clerks/Recent%20Opinions/20-21%20Term%20Opinions/In%20re%20Certified%20Questions-OP.pdf,"In re Certified Questions from the United States Dist Court, ___ Mich ___
(Docket No. 161492, Oct. 2, 2020)."
MI,Macomb County,26,99,10/5/2020,1,Yes,Official,https://www.michigan.gov/documents/coronavirus/MDHHS_epidemic_order_-_Gatherings_masks_bars_sports_-_FINAL_704287_7.pdf,"Mich. Health Order (Oct. 5, 2020)"
MI,Macomb County,26,99,10/6/2020,1,Yes,Official,https://www.michigan.gov/documents/coronavirus/MDHHS_epidemic_order_-_Gatherings_masks_bars_sports_-_FINAL_704287_7.pdf,"Mich. Health Order (Oct. 5, 2020)"
MI,Macomb County,26,99,10/7/2020,1,Yes,Official,https://www.michigan.gov/documents/coronavirus/MDHHS_epidemic_order_-_Gatherings_masks_bars_sports_-_FINAL_704287_7.pdf,"Mich. Health Order (Oct. 5, 2020)"
MI,Macomb County,26,99,10/8/2020,1,Yes,Official,https://www.michigan.gov/documents/coronavirus/MDHHS_epidemic_order_-_Gatherings_masks_bars_sports_-_FINAL_704287_7.pdf,"Mich. Health Order (Oct. 5, 2020)"
MI,Macomb County,26,99,10/9/2020,1,Yes,Official,https://www.michigan.gov/documents/coronavirus/MDHHS_epidemic_order_-_Gatherings_masks_bars_sports_-_FINAL_signed_704740_7.pdf,"Mich. Health Order (Oct. 9, 2020)"
MI,Macomb County,26,99,10/10/2020,1,Yes,Official,https://www.michigan.gov/documents/coronavirus/MDHHS_epidemic_order_-_Gatherings_masks_bars_sports_-_FINAL_signed_704740_7.pdf,"Mich. Health Order (Oct. 9, 2020)"
MI,Macomb County,26,99,10/11/2020,1,Yes,Official,https://www.michigan.gov/documents/coronavirus/MDHHS_epidemic_order_-_Gatherings_masks_bars_sports_-_FINAL_signed_704740_7.pdf,"Mich. Health Order (Oct. 9, 2020)"
MI,Macomb County,26,99,10/12/2020,1,Yes,Official,https://www.michigan.gov/documents/coronavirus/MDHHS_epidemic_order_-_Gatherings_masks_bars_sports_-_FINAL_signed_704740_7.pdf,"Mich. Health Order (Oct. 9, 2020)"
MI,Macomb County,26,99,10/13/2020,1,Yes,Official,https://www.michigan.gov/documents/coronavirus/MDHHS_epidemic_order_-_Gatherings_masks_bars_sports_-_FINAL_signed_704740_7.pdf,"Mich. Health Order (Oct. 9, 2020)"
MI,Macomb County,26,99,10/14/2020,1,Yes,Official,https://www.michigan.gov/documents/coronavirus/MDHHS_epidemic_order_-_Gatherings_masks_bars_sports_-_FINAL_signed_704740_7.pdf,"Mich. Health Order (Oct. 9, 2020)"
MI,Macomb County,26,99,10/15/2020,1,Yes,Official,https://www.michigan.gov/documents/coronavirus/MDHHS_epidemic_order_-_Gatherings_masks_bars_sports_-_FINAL_signed_704740_7.pdf,"Mich. Health Order (Oct. 9, 2020)"
MI,Macomb County,26,99,10/16/2020,1,Yes,Official,https://www.michigan.gov/documents/coronavirus/MDHHS_epidemic_order_-_Gatherings_masks_bars_sports_-_FINAL_signed_704740_7.pdf,"Mich. Health Order (Oct. 9, 2020)"
MI,Macomb County,26,99,10/17/2020,1,Yes,Official,https://www.michigan.gov/documents/coronavirus/MDHHS_epidemic_order_-_Gatherings_masks_bars_sports_-_FINAL_signed_704740_7.pdf,"Mich. Health Order (Oct. 9, 2020)"
MI,Macomb County,26,99,10/18/2020,1,Yes,Official,https://www.michigan.gov/documents/coronavirus/MDHHS_epidemic_order_-_Gatherings_masks_bars_sports_-_FINAL_signed_704740_7.pdf,"Mich. Health Order (Oct. 9, 2020)"
MI,Macomb County,26,99,10/19/2020,1,Yes,Official,https://www.michigan.gov/documents/coronavirus/MDHHS_epidemic_order_-_Gatherings_masks_bars_sports_-_FINAL_signed_704740_7.pdf,"Mich. Health Order (Oct. 9, 2020)"
MI,Macomb County,26,99,10/20/2020,1,Yes,Official,https://www.michigan.gov/documents/coronavirus/2020-212_HS_-_Emergency_Rule_-__Creating_a_Schedule_of_Fines_for_Violation_of_EOs_Under_MCL_333.2253_706532_7.pdf,"Mich. Health Order (Oct. 16, 2020)"
MI,Macomb County,26,99,10/21/2020,1,Yes,Official,https://www.michigan.gov/documents/coronavirus/2020-212_HS_-_Emergency_Rule_-__Creating_a_Schedule_of_Fines_for_Violation_of_EOs_Under_MCL_333.2253_706532_7.pdf,"Mich. Health Order (Oct. 16, 2020)"
MI,Macomb County,26,99,10/22/2020,1,Yes,Official,https://www.michigan.gov/documents/coronavirus/2020-212_HS_-_Emergency_Rule_-__Creating_a_Schedule_of_Fines_for_Violation_of_EOs_Under_MCL_333.2253_706532_7.pdf,"Mich. Health Order (Oct. 16, 2020)"
MI,Macomb County,26,99,10/23/2020,1,Yes,Official,https://www.michigan.gov/documents/coronavirus/2020-212_HS_-_Emergency_Rule_-__Creating_a_Schedule_of_Fines_for_Violation_of_EOs_Under_MCL_333.2253_706532_7.pdf,"Mich. Health Order (Oct. 16, 2020)"
MI,Macomb County,26,99,10/24/2020,1,Yes,Official,https://www.michigan.gov/documents/coronavirus/2020-212_HS_-_Emergency_Rule_-__Creating_a_Schedule_of_Fines_for_Violation_of_EOs_Under_MCL_333.2253_706532_7.pdf,"Mich. Health Order (Oct. 16, 2020)"
MI,Macomb County,26,99,10/25/2020,1,Yes,Official,https://www.michigan.gov/documents/coronavirus/2020-212_HS_-_Emergency_Rule_-__Creating_a_Schedule_of_Fines_for_Violation_of_EOs_Under_MCL_333.2253_706532_7.pdf,"Mich. Health Order (Oct. 16, 2020)"
MI,Macomb County,26,99,10/26/2020,1,Yes,Official,https://www.michigan.gov/documents/coronavirus/2020-212_HS_-_Emergency_Rule_-__Creating_a_Schedule_of_Fines_for_Violation_of_EOs_Under_MCL_333.2253_706532_7.pdf,"Mich. Health Order (Oct. 16, 2020)"
MI,Macomb County,26,99,10/27/2020,1,Yes,Official,https://www.michigan.gov/documents/coronavirus/2020-212_HS_-_Emergency_Rule_-__Creating_a_Schedule_of_Fines_for_Violation_of_EOs_Under_MCL_333.2253_706532_7.pdf,"Mich. Health Order (Oct. 16, 2020)"
MI,Macomb County,26,99,10/28/2020,1,Yes,Official,https://www.michigan.gov/documents/coronavirus/2020-212_HS_-_Emergency_Rule_-__Creating_a_Schedule_of_Fines_for_Violation_of_EOs_Under_MCL_333.2253_706532_7.pdf,"Mich. Health Order (Oct. 16, 2020)"
MI,Macomb County,26,99,10/29/2020,1,Yes,Official,https://www.michigan.gov/documents/coronavirus/2020.10.29_Gatherings_and_Masks_order_-_signed_706520_7.pdf,"Mich. Health Order (Oct. 29, 2020)"
MI,Macomb County,26,99,10/30/2020,1,Yes,Official,https://www.michigan.gov/documents/coronavirus/2020.10.29_Gatherings_and_Masks_order_-_signed_706520_7.pdf,"Mich. Health Order (Oct. 29, 2020)"
MI,Macomb County,26,99,10/31/2020,1,Yes,Official,https://www.michigan.gov/documents/coronavirus/2020.10.29_Gatherings_and_Masks_order_-_signed_706520_7.pdf,"Mich. Health Order (Oct. 29, 2020)"
MI,Macomb County,26,99,11/1/2020,1,Yes,Official,https://www.michigan.gov/documents/coronavirus/2020.10.29_Gatherings_and_Masks_order_-_signed_706520_7.pdf,"Mich. Health Order (Oct. 29, 2020)"
MI,Macomb County,26,99,11/2/2020,1,Yes,Official,https://www.michigan.gov/documents/coronavirus/2020.10.29_Gatherings_and_Masks_order_-_signed_706520_7.pdf,"Mich. Health Order (Oct. 29, 2020)"
MI,Macomb County,26,99,11/3/2020,1,Yes,Official,https://www.michigan.gov/documents/coronavirus/2020.10.29_Gatherings_and_Masks_order_-_signed_706520_7.pdf,"Mich. Health Order (Oct. 29, 2020)"
MI,Macomb County,26,99,11/4/2020,1,Yes,Official,https://www.michigan.gov/documents/coronavirus/2020.10.29_Gatherings_and_Masks_order_-_signed_706520_7.pdf,"Mich. Health Order (Oct. 29, 2020)"
MI,Macomb County,26,99,11/5/2020,1,Yes,Official,https://www.michigan.gov/documents/coronavirus/2020.10.29_Gatherings_and_Masks_order_-_signed_706520_7.pdf,"Mich. Health Order (Oct. 29, 2020)"
MI,Macomb County,26,99,11/6/2020,1,Yes,Official,https://www.michigan.gov/documents/coronavirus/2020.10.29_Gatherings_and_Masks_order_-_signed_706520_7.pdf,"Mich. Health Order (Oct. 29, 2020)"
MI,Macomb County,26,99,11/7/2020,1,Yes,Official,https://www.michigan.gov/documents/coronavirus/2020.10.29_Gatherings_and_Masks_order_-_signed_706520_7.pdf,"Mich. Health Order (Oct. 29, 2020)"
MI,Macomb County,26,99,11/8/2020,1,Yes,Official,https://www.michigan.gov/documents/coronavirus/2020.10.29_Gatherings_and_Masks_order_-_signed_706520_7.pdf,"Mich. Health Order (Oct. 29, 2020)"
MI,Macomb County,26,99,11/9/2020,1,Yes,Official,https://www.michigan.gov/documents/coronavirus/2020.10.29_Gatherings_and_Masks_order_-_signed_706520_7.pdf,"Mich. Health Order (Oct. 29, 2020)"
MI,Macomb County,26,99,11/10/2020,1,Yes,Official,https://www.michigan.gov/documents/coronavirus/2020.10.29_Gatherings_and_Masks_order_-_signed_706520_7.pdf,"Mich. Health Order (Oct. 29, 2020)"
MI,Macomb County,26,99,11/11/2020,1,Yes,Official,https://www.michigan.gov/documents/coronavirus/2020.10.29_Gatherings_and_Masks_order_-_signed_706520_7.pdf,"Mich. Health Order (Oct. 29, 2020)"
MI,Macomb County,26,99,11/12/2020,1,Yes,Official,https://www.michigan.gov/documents/coronavirus/2020.10.29_Gatherings_and_Masks_order_-_signed_706520_7.pdf,"Mich. Health Order (Oct. 29, 2020)"
MI,Macomb County,26,99,11/13/2020,1,Yes,Official,https://www.michigan.gov/documents/coronavirus/2020.10.29_Gatherings_and_Masks_order_-_signed_706520_7.pdf,"Mich. Health Order (Oct. 29, 2020)"
MI,Macomb County,26,99,11/14/2020,1,Yes,Official,https://www.michigan.gov/documents/coronavirus/2020.10.29_Gatherings_and_Masks_order_-_signed_706520_7.pdf,"Mich. Health Order (Oct. 29, 2020)"
MI,Macomb County,26,99,11/15/2020,1,Yes,Official,https://www.michigan.gov/documents/coronavirus/2020.10.29_Gatherings_and_Masks_order_-_signed_706520_7.pdf,"Mich. Health Order (Oct. 29, 2020)"
MI,Macomb County,26,99,11/16/2020,1,Yes,Official,https://www.michigan.gov/documents/coronavirus/2020.10.29_Gatherings_and_Masks_order_-_signed_706520_7.pdf,"Mich. Health Order (Oct. 29, 2020)"
MI,Macomb County,26,99,11/17/2020,1,Yes,Official,https://www.michigan.gov/documents/coronavirus/2020.10.29_Gatherings_and_Masks_order_-_signed_706520_7.pdf,"Mich. Health Order (Oct. 29, 2020)"
MI,Macomb County,26,99,11/18/2020,1,Yes,Official,https://www.michigan.gov/documents/coronavirus/2020.11.15_Masks_and_Gatherings_order_-_final_707806_7.pdf,"Mich. Health Order (Nov. 15, 2020)"
MI,Macomb County,26,99,11/19/2020,1,Yes,Official,https://www.michigan.gov/documents/coronavirus/2020.11.15_Masks_and_Gatherings_order_-_final_707806_7.pdf,"Mich. Health Order (Nov. 15, 2020)"
MI,Macomb County,26,99,11/20/2020,1,Yes,Official,https://www.michigan.gov/documents/coronavirus/2020.11.15_Masks_and_Gatherings_order_-_final_707806_7.pdf,"Mich. Health Order (Nov. 15, 2020)"
MI,Macomb County,26,99,11/21/2020,1,Yes,Official,https://www.michigan.gov/documents/coronavirus/2020.11.15_Masks_and_Gatherings_order_-_final_707806_7.pdf,"Mich. Health Order (Nov. 15, 2020)"
MI,Macomb County,26,99,11/22/2020,1,Yes,Official,https://www.michigan.gov/documents/coronavirus/2020.11.15_Masks_and_Gatherings_order_-_final_707806_7.pdf,"Mich. Health Order (Nov. 15, 2020)"
MI,Macomb County,26,99,11/23/2020,1,Yes,Official,https://www.michigan.gov/documents/coronavirus/2020.11.15_Masks_and_Gatherings_order_-_final_707806_7.pdf,"Mich. Health Order (Nov. 15, 2020)"
MI,Macomb County,26,99,11/24/2020,1,Yes,Official,https://www.michigan.gov/documents/coronavirus/2020.11.15_Masks_and_Gatherings_order_-_final_707806_7.pdf,"Mich. Health Order (Nov. 15, 2020)"
MI,Macomb County,26,99,11/25/2020,1,Yes,Official,https://www.michigan.gov/documents/coronavirus/2020.11.15_Masks_and_Gatherings_order_-_final_707806_7.pdf,"Mich. Health Order (Nov. 15, 2020)"
MI,Macomb County,26,99,11/26/2020,1,Yes,Official,https://www.michigan.gov/documents/coronavirus/2020.11.15_Masks_and_Gatherings_order_-_final_707806_7.pdf,"Mich. Health Order (Nov. 15, 2020)"
MI,Macomb County,26,99,11/27/2020,1,Yes,Official,https://www.michigan.gov/documents/coronavirus/2020.11.15_Masks_and_Gatherings_order_-_final_707806_7.pdf,"Mich. Health Order (Nov. 15, 2020)"
MI,Macomb County,26,99,11/28/2020,1,Yes,Official,https://www.michigan.gov/documents/coronavirus/2020.11.15_Masks_and_Gatherings_order_-_final_707806_7.pdf,"Mich. Health Order (Nov. 15, 2020)"
MI,Macomb County,26,99,11/29/2020,1,Yes,Official,https://www.michigan.gov/documents/coronavirus/2020.11.15_Masks_and_Gatherings_order_-_final_707806_7.pdf,"Mich. Health Order (Nov. 15, 2020)"
MI,Macomb County,26,99,11/30/2020,1,Yes,Official,https://www.michigan.gov/documents/coronavirus/2020.11.15_Masks_and_Gatherings_order_-_final_707806_7.pdf,"Mich. Health Order (Nov. 15, 2020)"
MI,Macomb County,26,99,12/1/2020,1,Yes,Official,https://www.michigan.gov/documents/coronavirus/2020.11.15_Masks_and_Gatherings_order_-_final_707806_7.pdf,"Mich. Health Order (Nov. 15, 2020)"
MI,Macomb County,26,99,12/2/2020,1,Yes,Official,https://www.michigan.gov/documents/coronavirus/2020.11.15_Masks_and_Gatherings_order_-_final_707806_7.pdf,"Mich. Health Order (Nov. 15, 2020)"
MI,Macomb County,26,99,12/3/2020,1,Yes,Official,https://www.michigan.gov/documents/coronavirus/2020.11.15_Masks_and_Gatherings_order_-_final_707806_7.pdf,"Mich. Health Order (Nov. 15, 2020)"
MI,Macomb County,26,99,12/4/2020,1,Yes,Official,https://www.michigan.gov/documents/coronavirus/2020.11.15_Masks_and_Gatherings_order_-_final_707806_7.pdf,"Mich. Health Order (Nov. 15, 2020)"
MI,Macomb County,26,99,12/5/2020,1,Yes,Official,https://www.michigan.gov/documents/coronavirus/2020.11.15_Masks_and_Gatherings_order_-_final_707806_7.pdf,"Mich. Health Order (Nov. 15, 2020)"
MI,Macomb County,26,99,12/6/2020,1,Yes,Official,https://www.michigan.gov/documents/coronavirus/2020.11.15_Masks_and_Gatherings_order_-_final_707806_7.pdf,"Mich. Health Order (Nov. 15, 2020)"
MI,Macomb County,26,99,12/7/2020,1,Yes,Official,https://www.michigan.gov/documents/coronavirus/2020.11.15_Masks_and_Gatherings_order_-_final_707806_7.pdf,"Mich. Health Order (Nov. 15, 2020)"
MI,Macomb County,26,99,12/8/2020,1,Yes,Official,https://www.michigan.gov/documents/coronavirus/2020.11.15_Masks_and_Gatherings_order_-_final_707806_7.pdf,"Mich. Health Order (Nov. 15, 2020)"
MI,Macomb County,26,99,12/9/2020,1,Yes,Official,https://www.michigan.gov/documents/coronavirus/Masks_and_Gatherings_order_-_12-7-20_709796_7.pdf,"Mich. Health Order (Dec. 7, 2020)"
MI,Macomb County,26,99,12/10/2020,1,Yes,Official,https://www.michigan.gov/documents/coronavirus/Masks_and_Gatherings_order_-_12-7-20_709796_7.pdf,"Mich. Health Order (Dec. 7, 2020)"
MI,Macomb County,26,99,12/11/2020,1,Yes,Official,https://www.michigan.gov/documents/coronavirus/Masks_and_Gatherings_order_-_12-7-20_709796_7.pdf,"Mich. Health Order (Dec. 7, 2020)"
MI,Macomb County,26,99,12/12/2020,1,Yes,Official,https://www.michigan.gov/documents/coronavirus/Masks_and_Gatherings_order_-_12-7-20_709796_7.pdf,"Mich. Health Order (Dec. 7, 2020)"
MI,Macomb County,26,99,12/13/2020,1,Yes,Official,https://www.michigan.gov/documents/coronavirus/Masks_and_Gatherings_order_-_12-7-20_709796_7.pdf,"Mich. Health Order (Dec. 7, 2020)"
MI,Macomb County,26,99,12/14/2020,1,Yes,Official,https://www.michigan.gov/documents/coronavirus/Masks_and_Gatherings_order_-_12-7-20_709796_7.pdf,"Mich. Health Order (Dec. 7, 2020)"
MI,Macomb County,26,99,12/15/2020,1,Yes,Official,https://www.michigan.gov/documents/coronavirus/Masks_and_Gatherings_order_-_12-7-20_709796_7.pdf,"Mich. Health Order (Dec. 7, 2020)"
MI,Macomb County,26,99,12/16/2020,1,Yes,Official,https://www.michigan.gov/documents/coronavirus/Masks_and_Gatherings_order_-_12-7-20_709796_7.pdf,"Mich. Health Order (Dec. 7, 2020)"
MI,Macomb County,26,99,12/17/2020,1,Yes,Official,https://www.michigan.gov/documents/coronavirus/Masks_and_Gatherings_order_-_12-7-20_709796_7.pdf,"Mich. Health Order (Dec. 7, 2020)"
MI,Macomb County,26,99,12/18/2020,1,Yes,Official,https://www.michigan.gov/documents/coronavirus/Masks_and_Gatherings_order_-_12-7-20_709796_7.pdf,"Mich. Health Order (Dec. 7, 2020)"
MI,Macomb County,26,99,12/19/2020,1,Yes,Official,https://www.michigan.gov/documents/coronavirus/Masks_and_Gatherings_order_-_12-7-20_709796_7.pdf,"Mich. Health Order (Dec. 7, 2020)"
MI,Macomb County,26,99,12/20/2020,1,Yes,Official,https://www.michigan.gov/documents/coronavirus/Masks_and_Gatherings_order_-_12-7-20_709796_7.pdf,"Mich. Health Order (Dec. 7, 2020)"
MI,Macomb County,26,99,12/21/2020,1,Yes,Official,https://www.michigan.gov/documents/coronavirus/Masks_and_Gatherings_order_-_12-18-20_710968_7.pdf,"Mich. Health Order (Dec. 18, 2020)"
MI,Macomb County,26,99,12/22/2020,1,Yes,Official,https://www.michigan.gov/documents/coronavirus/Masks_and_Gatherings_order_-_12-18-20_710968_7.pdf,"Mich. Health Order (Dec. 18, 2020)"
MI,Macomb County,26,99,12/23/2020,1,Yes,Official,https://www.michigan.gov/documents/coronavirus/Masks_and_Gatherings_order_-_12-18-20_710968_7.pdf,"Mich. Health Order (Dec. 18, 2020)"
MI,Macomb County,26,99,12/24/2020,1,Yes,Official,https://www.michigan.gov/documents/coronavirus/Masks_and_Gatherings_order_-_12-18-20_710968_7.pdf,"Mich. Health Order (Dec. 18, 2020)"
MI,Macomb County,26,99,12/25/2020,1,Yes,Official,https://www.michigan.gov/documents/coronavirus/Masks_and_Gatherings_order_-_12-18-20_710968_7.pdf,"Mich. Health Order (Dec. 18, 2020)"
MI,Macomb County,26,99,12/26/2020,1,Yes,Official,https://www.michigan.gov/documents/coronavirus/Masks_and_Gatherings_order_-_12-18-20_710968_7.pdf,"Mich. Health Order (Dec. 18, 2020)"
MI,Macomb County,26,99,12/27/2020,1,Yes,Official,https://www.michigan.gov/documents/coronavirus/Masks_and_Gatherings_order_-_12-18-20_710968_7.pdf,"Mich. Health Order (Dec. 18, 2020)"
MI,Macomb County,26,99,12/28/2020,1,Yes,Official,https://www.michigan.gov/documents/coronavirus/Masks_and_Gatherings_order_-_12-18-20_710968_7.pdf,"Mich. Health Order (Dec. 18, 2020)"
MI,Macomb County,26,99,12/29/2020,1,Yes,Official,https://www.michigan.gov/documents/coronavirus/Masks_and_Gatherings_order_-_12-18-20_710968_7.pdf,"Mich. Health Order (Dec. 18, 2020)"
MI,Macomb County,26,99,12/30/2020,1,Yes,Official,https://www.michigan.gov/documents/coronavirus/Masks_and_Gatherings_order_-_12-18-20_710968_7.pdf,"Mich. Health Order (Dec. 18, 2020)"
MI,Macomb County,26,99,12/31/2020,1,Yes,Official,https://www.michigan.gov/documents/coronavirus/Masks_and_Gatherings_order_-_12-18-20_710968_7.pdf,"Mich. Health Order (Dec. 18, 2020)"
MI,Macomb County,26,99,1/1/2021,1,Yes,Official,https://www.michigan.gov/documents/coronavirus/Masks_and_Gatherings_order_-_12-18-20_710968_7.pdf,"Mich. Health Order (Dec. 18, 2020)"
MI,Macomb County,26,99,1/2/2021,1,Yes,Official,https://www.michigan.gov/documents/coronavirus/Masks_and_Gatherings_order_-_12-18-20_710968_7.pdf,"Mich. Health Order (Dec. 18, 2020)"
MI,Macomb County,26,99,1/3/2021,1,Yes,Official,https://www.michigan.gov/documents/coronavirus/Masks_and_Gatherings_order_-_12-18-20_710968_7.pdf,"Mich. Health Order (Dec. 18, 2020)"
MI,Macomb County,26,99,1/4/2021,1,Yes,Official,https://www.michigan.gov/documents/coronavirus/Masks_and_Gatherings_order_-_12-18-20_710968_7.pdf,"Mich. Health Order (Dec. 18, 2020)"
MI,Macomb County,26,99,1/5/2021,1,Yes,Official,https://www.michigan.gov/documents/coronavirus/Masks_and_Gatherings_order_-_12-18-20_710968_7.pdf,"Mich. Health Order (Dec. 18, 2020)"
MI,Macomb County,26,99,1/6/2021,1,Yes,Official,https://www.michigan.gov/documents/coronavirus/Masks_and_Gatherings_order_-_12-18-20_710968_7.pdf,"Mich. Health Order (Dec. 18, 2020)"
MI,Macomb County,26,99,1/7/2021,1,Yes,Official,https://www.michigan.gov/documents/coronavirus/Masks_and_Gatherings_order_-_12-18-20_710968_7.pdf,"Mich. Health Order (Dec. 18, 2020)"
MI,Macomb County,26,99,1/8/2021,1,Yes,Official,https://www.michigan.gov/documents/coronavirus/Masks_and_Gatherings_order_-_12-18-20_710968_7.pdf,"Mich. Health Order (Dec. 18, 2020)"
MI,Macomb County,26,99,1/9/2021,1,Yes,Official,https://www.michigan.gov/documents/coronavirus/Masks_and_Gatherings_order_-_12-18-20_710968_7.pdf,"Mich. Health Order (Dec. 18, 2020)"
MI,Macomb County,26,99,1/10/2021,1,Yes,Official,https://www.michigan.gov/documents/coronavirus/Masks_and_Gatherings_order_-_12-18-20_710968_7.pdf,"Mich. Health Order (Dec. 18, 2020)"
MI,Macomb County,26,99,1/11/2021,1,Yes,Official,https://www.michigan.gov/documents/coronavirus/Masks_and_Gatherings_order_-_12-18-20_710968_7.pdf,"Mich. Health Order (Dec. 18, 2020)"
MI,Macomb County,26,99,1/12/2021,1,Yes,Official,https://www.michigan.gov/documents/coronavirus/Masks_and_Gatherings_order_-_12-18-20_710968_7.pdf,"Mich. Health Order (Dec. 18, 2020)"
MI,Macomb County,26,99,1/13/2021,1,Yes,Official,https://www.michigan.gov/documents/coronavirus/Masks_and_Gatherings_order_-_12-18-20_710968_7.pdf,"Mich. Health Order (Dec. 18, 2020)"
MI,Macomb County,26,99,1/14/2021,1,Yes,Official,https://www.michigan.gov/documents/coronavirus/Masks_and_Gatherings_order_-_12-18-20_710968_7.pdf,"Mich. Health Order (Dec. 18, 2020)"
MI,Macomb County,26,99,1/15/2021,1,Yes,Official,https://www.michigan.gov/documents/coronavirus/Masks_and_Gatherings_order_-_12-18-20_710968_7.pdf,"Mich. Health Order (Dec. 18, 2020)"
MI,Macomb County,26,99,1/16/2021,1,Yes,Official,"https://www.michigan.gov/coronavirus/0,9753,7-406-98178_98455-549437--,00.html","Mich. Health Order (Jan. 13, 2021)"
MI,Macomb County,26,99,1/17/2021,1,Yes,Official,"https://www.michigan.gov/coronavirus/0,9753,7-406-98178_98455-549437--,00.html","Mich. Health Order (Jan. 13, 2021)"
MI,Macomb County,26,99,1/18/2021,1,Yes,Official,"https://www.michigan.gov/coronavirus/0,9753,7-406-98178_98455-549437--,00.html","Mich. Health Order (Jan. 13, 2021)"
MI,Macomb County,26,99,1/19/2021,1,Yes,Official,"https://www.michigan.gov/coronavirus/0,9753,7-406-98178_98455-549437--,00.html","Mich. Health Order (Jan. 13, 2021)"
MI,Macomb County,26,99,1/20/2021,1,Yes,Official,"https://www.michigan.gov/coronavirus/0,9753,7-406-98178_98455-549437--,00.html","Mich. Health Order (Jan. 13, 2021)"
MI,Macomb County,26,99,1/21/2021,1,Yes,Official,"https://www.michigan.gov/coronavirus/0,9753,7-406-98178_98455-549437--,00.html","Mich. Health Order (Jan. 13, 2021)"
MI,Macomb County,26,99,1/22/2021,1,Yes,Official,"https://www.michigan.gov/coronavirus/0,9753,7-406-98178_98455-549437--,00.html","Mich. Health Order (Jan. 13, 2021)"
MI,Macomb County,26,99,1/23/2021,1,Yes,Official,"https://www.michigan.gov/coronavirus/0,9753,7-406-98178_98455-549437--,00.html","Mich. Health Order (Jan. 13, 2021)"
MI,Macomb County,26,99,1/24/2021,1,Yes,Official,"https://www.michigan.gov/coronavirus/0,9753,7-406-98178_98455-549437--,00.html","Mich. Health Order (Jan. 13, 2021)"
MI,Macomb County,26,99,1/25/2021,1,Yes,Official,"https://www.michigan.gov/coronavirus/0,9753,7-406-98178_98455-549437--,00.html","Mich. Health Order (Jan. 13, 2021)"
MI,Macomb County,26,99,1/26/2021,1,Yes,Official,"https://www.michigan.gov/coronavirus/0,9753,7-406-98178_98455-549437--,00.html","Mich. Health Order (Jan. 13, 2021)"
MI,Macomb County,26,99,1/27/2021,1,Yes,Official,"https://www.michigan.gov/coronavirus/0,9753,7-406-98178_98455-549437--,00.html","Mich. Health Order (Jan. 13, 2021)"
MI,Macomb County,26,99,1/28/2021,1,Yes,Official,"https://www.michigan.gov/coronavirus/0,9753,7-406-98178_98455-549437--,00.html","Mich. Health Order (Jan. 13, 2021)"
MI,Macomb County,26,99,1/29/2021,1,Yes,Official,"https://www.michigan.gov/coronavirus/0,9753,7-406-98178_98455-549437--,00.html","Mich. Health Order (Jan. 13, 2021)"
MI,Macomb County,26,99,1/30/2021,1,Yes,Official,"https://www.michigan.gov/coronavirus/0,9753,7-406-98178_98455-549437--,00.html","Mich. Health Order (Jan. 13, 2021)"
MI,Macomb County,26,99,1/31/2021,1,Yes,Official,"https://www.michigan.gov/coronavirus/0,9753,7-406-98178_98455-549437--,00.html","Mich. Health Order (Jan. 13, 2021)"
MI,Macomb County,26,99,2/1/2021,1,Yes,Official,"https://www.michigan.gov/coronavirus/0,9753,7-406-98178_98455-550215--,00.html","Mich. Health Order (Jan. 22, 2021)"
MI,Macomb County,26,99,2/2/2021,1,Yes,Official,"https://www.michigan.gov/coronavirus/0,9753,7-406-98178_98455-550215--,00.html","Mich. Health Order (Jan. 22, 2021)"
MI,Macomb County,26,99,2/3/2021,1,Yes,Official,"https://www.michigan.gov/coronavirus/0,9753,7-406-98178_98455-550215--,00.html","Mich. Health Order (Jan. 22, 2021)"
MI,Macomb County,26,99,2/4/2021,1,Yes,Official,"https://www.michigan.gov/coronavirus/0,9753,7-406-98178_98455-550215--,00.html","Mich. Health Order (Jan. 22, 2021)"
MI,Macomb County,26,99,2/5/2021,1,Yes,Official,"https://www.michigan.gov/coronavirus/0,9753,7-406-98178_98455-550215--,00.html","Mich. Health Order (Jan. 22, 2021)"
MI,Macomb County,26,99,2/6/2021,1,Yes,Official,"https://www.michigan.gov/coronavirus/0,9753,7-406-98178_98455-550215--,00.html","Mich. Health Order (Jan. 22, 2021)"
MI,Macomb County,26,99,2/7/2021,1,Yes,Official,"https://www.michigan.gov/coronavirus/0,9753,7-406-98178_98455-550215--,00.html","Mich. Health Order (Jan. 22, 2021)"
MI,Macomb County,26,99,2/8/2021,1,Yes,Official,"https://www.michigan.gov/coronavirus/0,9753,7-406-98178_98455-551407--,00.html","Mich. Health Order (Feb. 4, 2021)"
MI,Macomb County,26,99,2/9/2021,1,Yes,Official,"https://www.michigan.gov/coronavirus/0,9753,7-406-98178_98455-551407--,00.html","Mich. Health Order (Feb. 4, 2021)"
MI,Macomb County,26,99,2/10/2021,1,Yes,Official,"https://www.michigan.gov/coronavirus/0,9753,7-406-98178_98455-551407--,00.html","Mich. Health Order (Feb. 4, 2021)"
MI,Macomb County,26,99,2/11/2021,1,Yes,Official,"https://www.michigan.gov/coronavirus/0,9753,7-406-98178_98455-551407--,00.html","Mich. Health Order (Feb. 4, 2021)"
MI,Macomb County,26,99,2/12/2021,1,Yes,Official,"https://www.michigan.gov/coronavirus/0,9753,7-406-98178_98455-551407--,00.html","Mich. Health Order (Feb. 4, 2021)"
MI,Macomb County,26,99,2/13/2021,1,Yes,Official,"https://www.michigan.gov/coronavirus/0,9753,7-406-98178_98455-551407--,00.html","Mich. Health Order (Feb. 4, 2021)"
MI,Macomb County,26,99,2/14/2021,1,Yes,Official,"https://www.michigan.gov/coronavirus/0,9753,7-406-98178_98455-551407--,00.html","Mich. Health Order (Feb. 4, 2021)"
MI,Macomb County,26,99,2/15/2021,1,Yes,Official,"https://www.michigan.gov/coronavirus/0,9753,7-406-98178_98455-551407--,00.html","Mich. Health Order (Feb. 4, 2021)"
MI,Macomb County,26,99,2/16/2021,1,Yes,Official,"https://www.michigan.gov/coronavirus/0,9753,7-406-98178_98455-551407--,00.html","Mich. Health Order (Feb. 4, 2021)"
MI,Macomb County,26,99,2/17/2021,1,Yes,Official,"https://www.michigan.gov/coronavirus/0,9753,7-406-98178_98455-551407--,00.html","Mich. Health Order (Feb. 4, 2021)"
MI,Macomb County,26,99,2/18/2021,1,Yes,Official,"https://www.michigan.gov/coronavirus/0,9753,7-406-98178_98455-551407--,00.html","Mich. Health Order (Feb. 4, 2021)"
MI,Macomb County,26,99,2/19/2021,1,Yes,Official,"https://www.michigan.gov/coronavirus/0,9753,7-406-98178_98455-551407--,00.html","Mich. Health Order (Feb. 4, 2021)"
MI,Macomb County,26,99,2/20/2021,1,Yes,Official,"https://www.michigan.gov/coronavirus/0,9753,7-406-98178_98455-551407--,00.html","Mich. Health Order (Feb. 4, 2021)"
MI,Macomb County,26,99,2/21/2021,1,Yes,Official,"https://www.michigan.gov/coronavirus/0,9753,7-406-98178_98455-551407--,00.html","Mich. Health Order (Feb. 4, 2021)"
MI,Macomb County,26,99,2/22/2021,1,Yes,Official,"https://www.michigan.gov/coronavirus/0,9753,7-406-98178_98455-551407--,00.html","Mich. Health Order (Feb. 4, 2021)"
MI,Macomb County,26,99,2/23/2021,1,Yes,Official,"https://www.michigan.gov/coronavirus/0,9753,7-406-98178_98455-551407--,00.html","Mich. Health Order (Feb. 4, 2021)"
MI,Macomb County,26,99,2/24/2021,1,Yes,Official,"https://www.michigan.gov/coronavirus/0,9753,7-406-98178_98455-551407--,00.html","Mich. Health Order (Feb. 4, 2021)"
MI,Macomb County,26,99,2/25/2021,1,Yes,Official,"https://www.michigan.gov/coronavirus/0,9753,7-406-98178_98455-551407--,00.html","Mich. Health Order (Feb. 4, 2021)"
MI,Macomb County,26,99,2/26/2021,1,Yes,Official,"https://www.michigan.gov/coronavirus/0,9753,7-406-98178_98455-551407--,00.html","Mich. Health Order (Feb. 4, 2021)"
MI,Macomb County,26,99,2/27/2021,1,Yes,Official,"https://www.michigan.gov/coronavirus/0,9753,7-406-98178_98455-551407--,00.html","Mich. Health Order (Feb. 4, 2021)"
MI,Macomb County,26,99,2/28/2021,1,Yes,Official,"https://www.michigan.gov/coronavirus/0,9753,7-406-98178_98455-551407--,00.html","Mich. Health Order (Feb. 4, 2021)"
MI,Macomb County,26,99,3/1/2021,1,Yes,Official,"https://www.michigan.gov/coronavirus/0,9753,7-406-98178_98455-551407--,00.html","Mich. Health Order (Feb. 4, 2021)"
MI,Macomb County,26,99,3/2/2021,1,Yes,Official,"https://www.michigan.gov/coronavirus/0,9753,7-406-98178_98455-551407--,00.html","Mich. Health Order (Feb. 4, 2021)"
MI,Macomb County,26,99,3/3/2021,1,Yes,Official,"https://www.michigan.gov/coronavirus/0,9753,7-406-98178_98455-551407--,00.html","Mich. Health Order (Feb. 4, 2021)"
MI,Macomb County,26,99,3/4/2021,1,Yes,Official,"https://www.michigan.gov/coronavirus/0,9753,7-406-98178_98455-551407--,00.html","Mich. Health Order (Feb. 4, 2021)"
MI,Macomb County,26,99,3/5/2021,1,Yes,Official,"https://www.michigan.gov/coronavirus/0,9753,7-406-98178_98455-553387--,00.html","Mich. Health Order (Mar. 2, 2021)"
MI,Macomb County,26,99,3/6/2021,1,Yes,Official,"https://www.michigan.gov/coronavirus/0,9753,7-406-98178_98455-553387--,00.html","Mich. Health Order (Mar. 2, 2021)"
MI,Macomb County,26,99,3/7/2021,1,Yes,Official,"https://www.michigan.gov/coronavirus/0,9753,7-406-98178_98455-553387--,00.html","Mich. Health Order (Mar. 2, 2021)"
MI,Macomb County,26,99,3/8/2021,1,Yes,Official,"https://www.michigan.gov/coronavirus/0,9753,7-406-98178_98455-553387--,00.html","Mich. Health Order (Mar. 2, 2021)"
MI,Macomb County,26,99,3/9/2021,1,Yes,Official,"https://www.michigan.gov/coronavirus/0,9753,7-406-98178_98455-553387--,00.html","Mich. Health Order (Mar. 2, 2021)"
MI,Macomb County,26,99,3/10/2021,1,Yes,Official,"https://www.michigan.gov/coronavirus/0,9753,7-406-98178_98455-553387--,00.html","Mich. Health Order (Mar. 2, 2021)"
MI,Macomb County,26,99,3/11/2021,1,Yes,Official,"https://www.michigan.gov/coronavirus/0,9753,7-406-98178_98455-553387--,00.html","Mich. Health Order (Mar. 2, 2021)"
MI,Macomb County,26,99,3/12/2021,1,Yes,Official,"https://www.michigan.gov/coronavirus/0,9753,7-406-98178_98455-553387--,00.html","Mich. Health Order (Mar. 2, 2021)"
MI,Macomb County,26,99,3/13/2021,1,Yes,Official,"https://www.michigan.gov/coronavirus/0,9753,7-406-98178_98455-553387--,00.html","Mich. Health Order (Mar. 2, 2021)"
MI,Macomb County,26,99,3/14/2021,1,Yes,Official,"https://www.michigan.gov/coronavirus/0,9753,7-406-98178_98455-553387--,00.html","Mich. Health Order (Mar. 2, 2021)"
MI,Macomb County,26,99,3/15/2021,1,Yes,Official,"https://www.michigan.gov/coronavirus/0,9753,7-406-98178_98455-553387--,00.html","Mich. Health Order (Mar. 2, 2021)"
MI,Macomb County,26,99,3/16/2021,1,Yes,Official,"https://www.michigan.gov/coronavirus/0,9753,7-406-98178_98455-553387--,00.html","Mich. Health Order (Mar. 2, 2021)"
MI,Macomb County,26,99,3/17/2021,1,Yes,Official,"https://www.michigan.gov/coronavirus/0,9753,7-406-98178_98455-553387--,00.html","Mich. Health Order (Mar. 2, 2021)"
MI,Macomb County,26,99,3/18/2021,1,Yes,Official,"https://www.michigan.gov/coronavirus/0,9753,7-406-98178_98455-553387--,00.html","Mich. Health Order (Mar. 2, 2021)"
MI,Macomb County,26,99,3/19/2021,1,Yes,Official,"https://www.michigan.gov/coronavirus/0,9753,7-406-98178_98455-553387--,00.html","Mich. Health Order (Mar. 2, 2021)"
MI,Macomb County,26,99,3/20/2021,1,Yes,Official,"https://www.michigan.gov/coronavirus/0,9753,7-406-98178_98455-553387--,00.html","Mich. Health Order (Mar. 2, 2021)"
MI,Macomb County,26,99,3/21/2021,1,Yes,Official,"https://www.michigan.gov/coronavirus/0,9753,7-406-98178_98455-553387--,00.html","Mich. Health Order (Mar. 2, 2021)"
MI,Macomb County,26,99,3/22/2021,1,Yes,Official,"https://www.michigan.gov/coronavirus/0,9753,7-406-98178_98455-554922--,00.html","Mich. Health Order (Mar. 19, 2021)"
MI,Macomb County,26,99,3/23/2021,1,Yes,Official,"https://www.michigan.gov/coronavirus/0,9753,7-406-98178_98455-554922--,00.html","Mich. Health Order (Mar. 19, 2021)"
MI,Macomb County,26,99,3/24/2021,1,Yes,Official,"https://www.michigan.gov/coronavirus/0,9753,7-406-98178_98455-554922--,00.html","Mich. Health Order (Mar. 19, 2021)"
MI,Macomb County,26,99,3/25/2021,1,Yes,Official,"https://www.michigan.gov/coronavirus/0,9753,7-406-98178_98455-554922--,00.html","Mich. Health Order (Mar. 19, 2021)"
MI,Macomb County,26,99,3/26/2021,1,Yes,Official,"https://www.michigan.gov/coronavirus/0,9753,7-406-98178_98455-554922--,00.html","Mich. Health Order (Mar. 19, 2021)"
MI,Macomb County,26,99,3/27/2021,1,Yes,Official,"https://www.michigan.gov/coronavirus/0,9753,7-406-98178_98455-554922--,00.html","Mich. Health Order (Mar. 19, 2021)"
MI,Macomb County,26,99,3/28/2021,1,Yes,Official,"https://www.michigan.gov/coronavirus/0,9753,7-406-98178_98455-554922--,00.html","Mich. Health Order (Mar. 19, 2021)"
MI,Macomb County,26,99,3/29/2021,1,Yes,Official,"https://www.michigan.gov/coronavirus/0,9753,7-406-98178_98455-554922--,00.html","Mich. Health Order (Mar. 19, 2021)"
MI,Macomb County,26,99,3/30/2021,1,Yes,Official,"https://www.michigan.gov/coronavirus/0,9753,7-406-98178_98455-554922--,00.html","Mich. Health Order (Mar. 19, 2021)"
MI,Macomb County,26,99,3/31/2021,1,Yes,Official,"https://www.michigan.gov/coronavirus/0,9753,7-406-98178_98455-554922--,00.html","Mich. Health Order (Mar. 19, 2021)"
MI,Macomb County,26,99,4/1/2021,1,Yes,Official,"https://www.michigan.gov/coronavirus/0,9753,7-406-98178_98455-554922--,00.html","Mich. Health Order (Mar. 19, 2021)"
MI,Macomb County,26,99,4/2/2021,1,Yes,Official,"https://www.michigan.gov/coronavirus/0,9753,7-406-98178_98455-554922--,00.html","Mich. Health Order (Mar. 19, 2021)"
MI,Macomb County,26,99,4/3/2021,1,Yes,Official,"https://www.michigan.gov/coronavirus/0,9753,7-406-98178_98455-554922--,00.html","Mich. Health Order (Mar. 19, 2021)"
MI,Macomb County,26,99,4/4/2021,1,Yes,Official,"https://www.michigan.gov/coronavirus/0,9753,7-406-98178_98455-554922--,00.html","Mich. Health Order (Mar. 19, 2021)"
MI,Macomb County,26,99,4/5/2021,1,Yes,Official,"https://www.michigan.gov/coronavirus/0,9753,7-406-98178_98455-554922--,00.html","Mich. Health Order (Mar. 19, 2021)"
MI,Macomb County,26,99,4/6/2021,1,Yes,Official,"https://www.michigan.gov/coronavirus/0,9753,7-406-98178_98455-554922--,00.html","Mich. Health Order (Mar. 19, 2021)"
MI,Macomb County,26,99,4/7/2021,1,Yes,Official,"https://www.michigan.gov/coronavirus/0,9753,7-406-98178_98455-554922--,00.html","Mich. Health Order (Mar. 19, 2021)"
MI,Macomb County,26,99,4/8/2021,1,Yes,Official,"https://www.michigan.gov/coronavirus/0,9753,7-406-98178_98455-554922--,00.html","Mich. Health Order (Mar. 19, 2021)"
MI,Macomb County,26,99,4/9/2021,1,Yes,Official,"https://www.michigan.gov/coronavirus/0,9753,7-406-98178_98455-554922--,00.html","Mich. Health Order (Mar. 19, 2021)"
MI,Macomb County,26,99,4/10/2021,1,Yes,Official,"https://www.michigan.gov/coronavirus/0,9753,7-406-98178_98455-554922--,00.html","Mich. Health Order (Mar. 19, 2021)"
MI,Macomb County,26,99,4/11/2021,1,Yes,Official,"https://www.michigan.gov/coronavirus/0,9753,7-406-98178_98455-554922--,00.html","Mich. Health Order (Mar. 19, 2021)"
MI,Macomb County,26,99,4/12/2021,1,Yes,Official,"https://www.michigan.gov/coronavirus/0,9753,7-406-98178_98455-554922--,00.html","Mich. Health Order (Mar. 19, 2021)"
MI,Macomb County,26,99,4/13/2021,1,Yes,Official,"https://www.michigan.gov/coronavirus/0,9753,7-406-98178_98455-554922--,00.html","Mich. Health Order (Mar. 19, 2021)"
MI,Macomb County,26,99,4/14/2021,1,Yes,Official,"https://www.michigan.gov/coronavirus/0,9753,7-406-98178_98455-554922--,00.html","Mich. Health Order (Mar. 19, 2021)"
MI,Macomb County,26,99,4/15/2021,1,Yes,Official,"https://www.michigan.gov/coronavirus/0,9753,7-406-98178_98455-554922--,00.html","Mich. Health Order (Mar. 19, 2021)"
MI,Macomb County,26,99,4/16/2021,1,Yes,Official,"https://www.michigan.gov/coronavirus/0,9753,7-406-98178_98455-554922--,00.html","Mich. Health Order (Mar. 19, 2021)"
MI,Macomb County,26,99,4/17/2021,1,Yes,Official,"https://www.michigan.gov/coronavirus/0,9753,7-406-98178_98455-554922--,00.html","Mich. Health Order (Mar. 19, 2021)"
MI,Macomb County,26,99,4/18/2021,1,Yes,Official,"https://www.michigan.gov/coronavirus/0,9753,7-406-98178_98455-554922--,00.html","Mich. Health Order (Mar. 19, 2021)"
MI,Macomb County,26,99,4/19/2021,1,Yes,Official,https://www.michigan.gov/documents/coronavirus/FINAL__Masks_and_Gatherings_order_-_4-16-21_722409_7.pdf,"Mich. Health Order (Apr. 16, 2021)"
MI,Macomb County,26,99,4/20/2021,1,Yes,Official,https://www.michigan.gov/documents/coronavirus/FINAL__Masks_and_Gatherings_order_-_4-16-21_722409_7.pdf,"Mich. Health Order (Apr. 16, 2021)"
MI,Macomb County,26,99,4/21/2021,1,Yes,Official,https://www.michigan.gov/documents/coronavirus/FINAL__Masks_and_Gatherings_order_-_4-16-21_722409_7.pdf,"Mich. Health Order (Apr. 16, 2021)"
MI,Macomb County,26,99,4/22/2021,1,Yes,Official,https://www.michigan.gov/documents/coronavirus/FINAL__Masks_and_Gatherings_order_-_4-16-21_722409_7.pdf,"Mich. Health Order (Apr. 16, 2021)"
MI,Macomb County,26,99,4/23/2021,1,Yes,Official,https://www.michigan.gov/documents/coronavirus/FINAL__Masks_and_Gatherings_order_-_4-16-21_722409_7.pdf,"Mich. Health Order (Apr. 16, 2021)"
MI,Macomb County,26,99,4/24/2021,1,Yes,Official,https://www.michigan.gov/documents/coronavirus/FINAL__Masks_and_Gatherings_order_-_4-16-21_722409_7.pdf,"Mich. Health Order (Apr. 16, 2021)"
MI,Macomb County,26,99,4/25/2021,1,Yes,Official,https://www.michigan.gov/documents/coronavirus/FINAL__Masks_and_Gatherings_order_-_4-16-21_722409_7.pdf,"Mich. Health Order (Apr. 16, 2021)"
MI,Macomb County,26,99,4/26/2021,1,Yes,Official,https://www.michigan.gov/documents/coronavirus/FINAL__Masks_and_Gatherings_order_-_4-16-21_722409_7.pdf,"Mich. Health Order (Apr. 16, 2021)"
MI,Macomb County,26,99,4/27/2021,1,Yes,Official,https://www.michigan.gov/documents/coronavirus/FINAL__Masks_and_Gatherings_order_-_4-16-21_722409_7.pdf,"Mich. Health Order (Apr. 16, 2021)"
MI,Macomb County,26,99,4/28/2021,1,Yes,Official,https://www.michigan.gov/documents/coronavirus/FINAL__Masks_and_Gatherings_order_-_4-16-21_722409_7.pdf,"Mich. Health Order (Apr. 16, 2021)"
MI,Macomb County,26,99,4/29/2021,1,Yes,Official,https://www.michigan.gov/documents/coronavirus/FINAL__Masks_and_Gatherings_order_-_4-16-21_722409_7.pdf,"Mich. Health Order (Apr. 16, 2021)"
MI,Macomb County,26,99,4/30/2021,1,Yes,Official,https://www.michigan.gov/documents/coronavirus/FINAL__Masks_and_Gatherings_order_-_4-16-21_722409_7.pdf,"Mich. Health Order (Apr. 16, 2021)"
MI,Macomb County,26,99,5/1/2021,1,Yes,Official,https://www.michigan.gov/documents/coronavirus/FINAL__Masks_and_Gatherings_order_-_4-16-21_722409_7.pdf,"Mich. Health Order (Apr. 16, 2021)"
MI,Macomb County,26,99,5/2/2021,1,Yes,Official,https://www.michigan.gov/documents/coronavirus/FINAL__Masks_and_Gatherings_order_-_4-16-21_722409_7.pdf,"Mich. Health Order (Apr. 16, 2021)"
MI,Macomb County,26,99,5/3/2021,1,Yes,Official,https://www.michigan.gov/documents/coronavirus/FINAL__Masks_and_Gatherings_order_-_4-16-21_722409_7.pdf,"Mich. Health Order (Apr. 16, 2021)"
MI,Macomb County,26,99,5/4/2021,1,Yes,Official,https://www.michigan.gov/documents/coronavirus/FINAL__Masks_and_Gatherings_order_-_4-16-21_722409_7.pdf,"Mich. Health Order (Apr. 16, 2021)"
MI,Macomb County,26,99,5/5/2021,1,Yes,Official,https://www.michigan.gov/documents/coronavirus/FINAL__Masks_and_Gatherings_order_-_4-16-21_722409_7.pdf,"Mich. Health Order (Apr. 16, 2021)"
MI,Macomb County,26,99,5/6/2021,1,Yes,Official,https://www.michigan.gov/documents/coronavirus/FINAL_-_Masks_and_Gatherings_order_-_5-4-21_724221_7.pdf,"Mich. Health Order (May 4, 2021)"
MI,Macomb County,26,99,5/7/2021,1,Yes,Official,https://www.michigan.gov/documents/coronavirus/FINAL_-_Masks_and_Gatherings_order_-_5-4-21_724221_7.pdf,"Mich. Health Order (May 4, 2021)"
MI,Macomb County,26,99,5/8/2021,1,Yes,Official,https://www.michigan.gov/documents/coronavirus/FINAL_-_Masks_and_Gatherings_order_-_5-4-21_724221_7.pdf,"Mich. Health Order (May 4, 2021)"
MI,Macomb County,26,99,5/9/2021,1,Yes,Official,https://www.michigan.gov/documents/coronavirus/FINAL_-_Masks_and_Gatherings_order_-_5-4-21_724221_7.pdf,"Mich. Health Order (May 4, 2021)"
MI,Macomb County,26,99,5/10/2021,1,Yes,Official,https://www.michigan.gov/documents/coronavirus/FINAL_-_Masks_and_Gatherings_order_-_5-4-21_724221_7.pdf,"Mich. Health Order (May 4, 2021)"
MI,Macomb County,26,99,5/11/2021,1,Yes,Official,https://www.michigan.gov/documents/coronavirus/FINAL_-_Masks_and_Gatherings_order_-_5-4-21_724221_7.pdf,"Mich. Health Order (May 4, 2021)"
MI,Macomb County,26,99,5/12/2021,1,Yes,Official,https://www.michigan.gov/documents/coronavirus/FINAL_-_Masks_and_Gatherings_order_-_5-4-21_724221_7.pdf,"Mich. Health Order (May 4, 2021)"
MI,Macomb County,26,99,5/13/2021,1,Yes,Official,https://www.michigan.gov/documents/coronavirus/FINAL_-_Masks_and_Gatherings_order_-_5-4-21_724221_7.pdf,"Mich. Health Order (May 4, 2021)"
MI,Macomb County,26,99,5/14/2021,1,Yes,Official,https://www.michigan.gov/documents/coronavirus/FINAL_-_Masks_and_Gatherings_order_-_5-4-21_724221_7.pdf,"Mich. Health Order (May 4, 2021)"
MI,Macomb County,26,99,5/15/2021,1,Yes,Official,https://www.michigan.gov/documents/coronavirus/FINAL__-_Masks_and_Gatherings_order_-_5-14-21_signed_725417_7.pdf,"Mich. Health Order (May 14, 2021)"
MI,Macomb County,26,99,5/16/2021,1,Yes,Official,https://www.michigan.gov/documents/coronavirus/FINAL__-_Masks_and_Gatherings_order_-_5-14-21_signed_725417_7.pdf,"Mich. Health Order (May 14, 2021)"
MI,Macomb County,26,99,5/17/2021,1,Yes,Official,https://www.michigan.gov/documents/coronavirus/FINAL__-_Masks_and_Gatherings_order_-_5-14-21_signed_725417_7.pdf,"Mich. Health Order (May 14, 2021)"
MI,Macomb County,26,99,5/18/2021,1,Yes,Official,https://www.michigan.gov/documents/coronavirus/FINAL__-_Masks_and_Gatherings_order_-_5-14-21_signed_725417_7.pdf,"Mich. Health Order (May 14, 2021)"
MI,Macomb County,26,99,5/19/2021,1,Yes,Official,https://www.michigan.gov/documents/coronavirus/FINAL__-_Masks_and_Gatherings_order_-_5-14-21_signed_725417_7.pdf,"Mich. Health Order (May 14, 2021)"
MI,Macomb County,26,99,5/20/2021,1,Yes,Official,https://www.michigan.gov/documents/coronavirus/FINAL__-_Masks_and_Gatherings_order_-_5-14-21_signed_725417_7.pdf,"Mich. Health Order (May 14, 2021)"
MI,Macomb County,26,99,5/21/2021,1,Yes,Official,https://www.michigan.gov/documents/coronavirus/FINAL__-_Masks_and_Gatherings_order_-_5-14-21_signed_725417_7.pdf,"Mich. Health Order (May 14, 2021)"
MI,Macomb County,26,99,5/22/2021,1,Yes,Official,https://www.michigan.gov/documents/coronavirus/FINAL__-_Masks_and_Gatherings_order_-_5-14-21_signed_725417_7.pdf,"Mich. Health Order (May 14, 2021)"
MI,Macomb County,26,99,5/23/2021,1,Yes,Official,https://www.michigan.gov/documents/coronavirus/FINAL__-_Masks_and_Gatherings_order_-_5-14-21_signed_725417_7.pdf,"Mich. Health Order (May 14, 2021)"
MI,Macomb County,26,99,5/24/2021,1,Yes,Official,https://www.michigan.gov/documents/coronavirus/FINAL__-_Masks_and_Gatherings_order_-_5-14-21_signed_725417_7.pdf,"Mich. Health Order (May 14, 2021)"
MI,Macomb County,26,99,5/25/2021,1,Yes,Official,https://www.michigan.gov/documents/coronavirus/FINAL__-_Masks_and_Gatherings_order_-_5-14-21_signed_725417_7.pdf,"Mich. Health Order (May 14, 2021)"
MI,Macomb County,26,99,5/26/2021,1,Yes,Official,https://www.michigan.gov/documents/coronavirus/FINAL__-_Masks_and_Gatherings_order_-_5-14-21_signed_725417_7.pdf,"Mich. Health Order (May 14, 2021)"
MI,Macomb County,26,99,5/27/2021,1,Yes,Official,https://www.michigan.gov/documents/coronavirus/FINAL__-_Masks_and_Gatherings_order_-_5-14-21_signed_725417_7.pdf,"Mich. Health Order (May 14, 2021)"
MI,Macomb County,26,99,5/28/2021,1,Yes,Official,https://www.michigan.gov/documents/coronavirus/FINAL__-_Masks_and_Gatherings_order_-_5-14-21_signed_725417_7.pdf,"Mich. Health Order (May 14, 2021)"
MI,Macomb County,26,99,5/29/2021,1,Yes,Official,https://www.michigan.gov/documents/coronavirus/FINAL__-_Masks_and_Gatherings_order_-_5-14-21_signed_725417_7.pdf,"Mich. Health Order (May 14, 2021)"
MI,Macomb County,26,99,5/30/2021,1,Yes,Official,https://www.michigan.gov/documents/coronavirus/FINAL__-_Masks_and_Gatherings_order_-_5-14-21_signed_725417_7.pdf,"Mich. Health Order (May 14, 2021)"
MI,Macomb County,26,99,5/31/2021,1,Yes,Official,https://www.michigan.gov/documents/coronavirus/FINAL__-_Masks_and_Gatherings_order_-_5-14-21_signed_725417_7.pdf,"Mich. Health Order (May 14, 2021)"
MI,Macomb County,26,99,6/1/2021,1,Yes,Official,https://www.michigan.gov/documents/coronavirus/FINAL__-_Masks_and_Gatherings_order_-_5-24-21_v2_726147_7.pdf,"Mich. Health Order (May 24, 2021)"
MI,Macomb County,26,99,6/2/2021,1,Yes,Official,https://www.michigan.gov/documents/coronavirus/FINAL__-_Masks_and_Gatherings_order_-_5-24-21_v2_726147_7.pdf,"Mich. Health Order (May 24, 2021)"
MI,Macomb County,26,99,6/3/2021,1,Yes,Official,https://www.michigan.gov/documents/coronavirus/FINAL__-_Masks_and_Gatherings_order_-_5-24-21_v2_726147_7.pdf,"Mich. Health Order (May 24, 2021)"
MI,Macomb County,26,99,6/4/2021,1,Yes,Official,https://www.michigan.gov/documents/coronavirus/FINAL__-_Masks_and_Gatherings_order_-_5-24-21_v2_726147_7.pdf,"Mich. Health Order (May 24, 2021)"
MI,Macomb County,26,99,6/5/2021,1,Yes,Official,https://www.michigan.gov/documents/coronavirus/FINAL__-_Masks_and_Gatherings_order_-_5-24-21_v2_726147_7.pdf,"Mich. Health Order (May 24, 2021)"
MI,Macomb County,26,99,6/6/2021,1,Yes,Official,https://www.michigan.gov/documents/coronavirus/FINAL__-_Masks_and_Gatherings_order_-_5-24-21_v2_726147_7.pdf,"Mich. Health Order (May 24, 2021)"
MI,Macomb County,26,99,6/7/2021,1,Yes,Official,https://www.michigan.gov/documents/coronavirus/FINAL__-_Masks_and_Gatherings_order_-_5-24-21_v2_726147_7.pdf,"Mich. Health Order (May 24, 2021)"
MI,Macomb County,26,99,6/8/2021,1,Yes,Official,https://www.michigan.gov/documents/coronavirus/FINAL__-_Masks_and_Gatherings_order_-_5-24-21_v2_726147_7.pdf,"Mich. Health Order (May 24, 2021)"
MI,Macomb County,26,99,6/9/2021,1,Yes,Official,https://www.michigan.gov/documents/coronavirus/FINAL__-_Masks_and_Gatherings_order_-_5-24-21_v2_726147_7.pdf,"Mich. Health Order (May 24, 2021)"
MI,Macomb County,26,99,6/10/2021,1,Yes,Official,https://www.michigan.gov/documents/coronavirus/FINAL__-_Masks_and_Gatherings_order_-_5-24-21_v2_726147_7.pdf,"Mich. Health Order (May 24, 2021)"
MI,Macomb County,26,99,6/11/2021,1,Yes,Official,https://www.michigan.gov/documents/coronavirus/FINAL__-_Masks_and_Gatherings_order_-_5-24-21_v2_726147_7.pdf,"Mich. Health Order (May 24, 2021)"
MI,Macomb County,26,99,6/12/2021,1,Yes,Official,https://www.michigan.gov/documents/coronavirus/FINAL__-_Masks_and_Gatherings_order_-_5-24-21_v2_726147_7.pdf,"Mich. Health Order (May 24, 2021)"
MI,Macomb County,26,99,6/13/2021,1,Yes,Official,https://www.michigan.gov/documents/coronavirus/FINAL__-_Masks_and_Gatherings_order_-_5-24-21_v2_726147_7.pdf,"Mich. Health Order (May 24, 2021)"
MI,Macomb County,26,99,6/14/2021,1,Yes,Official,https://www.michigan.gov/documents/coronavirus/FINAL__-_Masks_and_Gatherings_order_-_5-24-21_v2_726147_7.pdf,"Mich. Health Order (May 24, 2021)"
MI,Macomb County,26,99,6/15/2021,1,Yes,Official,https://www.michigan.gov/documents/coronavirus/FINAL__-_Masks_and_Gatherings_order_-_5-24-21_v2_726147_7.pdf,"Mich. Health Order (May 24, 2021)"
MI,Macomb County,26,99,6/16/2021,1,Yes,Official,https://www.michigan.gov/documents/coronavirus/FINAL__-_Masks_and_Gatherings_order_-_5-24-21_v2_726147_7.pdf,"Mich. Health Order (May 24, 2021)"
MI,Macomb County,26,99,6/17/2021,1,Yes,Official,https://www.michigan.gov/documents/coronavirus/FINAL__-_Masks_and_Gatherings_order_-_5-24-21_v2_726147_7.pdf,"Mich. Health Order (May 24, 2021)"
MI,Macomb County,26,99,6/18/2021,1,Yes,Official,https://www.michigan.gov/documents/coronavirus/FINAL__-_Masks_and_Gatherings_order_-_5-24-21_v2_726147_7.pdf,"Mich. Health Order (May 24, 2021)"
MI,Macomb County,26,99,6/19/2021,1,Yes,Official,https://www.michigan.gov/documents/coronavirus/FINAL__-_Masks_and_Gatherings_order_-_5-24-21_v2_726147_7.pdf,"Mich. Health Order (May 24, 2021)"
MI,Macomb County,26,99,6/20/2021,1,Yes,Official,https://www.michigan.gov/documents/coronavirus/FINAL__-_Masks_and_Gatherings_order_-_5-24-21_v2_726147_7.pdf,"Mich. Health Order (May 24, 2021)"
MI,Macomb County,26,99,6/21/2021,1,Yes,Official,https://www.michigan.gov/documents/coronavirus/FINAL__-_Masks_and_Gatherings_order_-_5-24-21_v2_726147_7.pdf,"Mich. Health Order (May 24, 2021)"
MI,Macomb County,26,99,6/22/2021,2,No,Official,https://www.michigan.gov/documents/coronavirus/FINAL_-_MDHHS_Rescission_of_Emergency_Orders_June_17_2021_728170_7.pdf,"Mich. Health Order (June 17, 2021)"
MI,Macomb County,26,99,6/23/2021,2,No,Official,https://www.michigan.gov/documents/coronavirus/FINAL_-_MDHHS_Rescission_of_Emergency_Orders_June_17_2021_728170_7.pdf,"Mich. Health Order (June 17, 2021)"
MI,Macomb County,26,99,6/24/2021,2,No,Official,https://www.michigan.gov/documents/coronavirus/FINAL_-_MDHHS_Rescission_of_Emergency_Orders_June_17_2021_728170_7.pdf,"Mich. Health Order (June 17, 2021)"
MI,Macomb County,26,99,6/25/2021,2,No,Official,https://www.michigan.gov/documents/coronavirus/FINAL_-_MDHHS_Rescission_of_Emergency_Orders_June_17_2021_728170_7.pdf,"Mich. Health Order (June 17, 2021)"
MI,Macomb County,26,99,6/26/2021,2,No,Official,https://www.michigan.gov/documents/coronavirus/FINAL_-_MDHHS_Rescission_of_Emergency_Orders_June_17_2021_728170_7.pdf,"Mich. Health Order (June 17, 2021)"
MI,Macomb County,26,99,6/27/2021,2,No,Official,https://www.michigan.gov/documents/coronavirus/FINAL_-_MDHHS_Rescission_of_Emergency_Orders_June_17_2021_728170_7.pdf,"Mich. Health Order (June 17, 2021)"
MI,Macomb County,26,99,6/28/2021,2,No,Official,https://www.michigan.gov/documents/coronavirus/FINAL_-_MDHHS_Rescission_of_Emergency_Orders_June_17_2021_728170_7.pdf,"Mich. Health Order (June 17, 2021)"
MI,Macomb County,26,99,6/29/2021,2,No,Official,https://www.michigan.gov/documents/coronavirus/FINAL_-_MDHHS_Rescission_of_Emergency_Orders_June_17_2021_728170_7.pdf,"Mich. Health Order (June 17, 2021)"
MI,Macomb County,26,99,6/30/2021,2,No,Official,https://www.michigan.gov/documents/coronavirus/FINAL_-_MDHHS_Rescission_of_Emergency_Orders_June_17_2021_728170_7.pdf,"Mich. Health Order (June 17, 2021)"
MI,Macomb County,26,99,7/1/2021,2,No,Official,https://www.michigan.gov/documents/coronavirus/FINAL_-_MDHHS_Rescission_of_Emergency_Orders_June_17_2021_728170_7.pdf,"Mich. Health Order (June 17, 2021)"
MI,Macomb County,26,99,7/2/2021,2,No,Official,https://www.michigan.gov/documents/coronavirus/FINAL_-_MDHHS_Rescission_of_Emergency_Orders_June_17_2021_728170_7.pdf,"Mich. Health Order (June 17, 2021)"
MI,Macomb County,26,99,7/3/2021,2,No,Official,https://www.michigan.gov/documents/coronavirus/FINAL_-_MDHHS_Rescission_of_Emergency_Orders_June_17_2021_728170_7.pdf,"Mich. Health Order (June 17, 2021)"
MI,Macomb County,26,99,7/4/2021,2,No,Official,https://www.michigan.gov/documents/coronavirus/FINAL_-_MDHHS_Rescission_of_Emergency_Orders_June_17_2021_728170_7.pdf,"Mich. Health Order (June 17, 2021)"
MI,Macomb County,26,99,7/5/2021,2,No,Official,https://www.michigan.gov/documents/coronavirus/FINAL_-_MDHHS_Rescission_of_Emergency_Orders_June_17_2021_728170_7.pdf,"Mich. Health Order (June 17, 2021)"
MI,Macomb County,26,99,7/6/2021,2,No,Official,https://www.michigan.gov/documents/coronavirus/FINAL_-_MDHHS_Rescission_of_Emergency_Orders_June_17_2021_728170_7.pdf,"Mich. Health Order (June 17, 2021)"
MI,Macomb County,26,99,7/7/2021,2,No,Official,https://www.michigan.gov/documents/coronavirus/FINAL_-_MDHHS_Rescission_of_Emergency_Orders_June_17_2021_728170_7.pdf,"Mich. Health Order (June 17, 2021)"
MI,Macomb County,26,99,7/8/2021,2,No,Official,https://www.michigan.gov/documents/coronavirus/FINAL_-_MDHHS_Rescission_of_Emergency_Orders_June_17_2021_728170_7.pdf,"Mich. Health Order (June 17, 2021)"
MI,Macomb County,26,99,7/9/2021,2,No,Official,https://www.michigan.gov/documents/coronavirus/FINAL_-_MDHHS_Rescission_of_Emergency_Orders_June_17_2021_728170_7.pdf,"Mich. Health Order (June 17, 2021)"
MI,Macomb County,26,99,7/10/2021,2,No,Official,https://www.michigan.gov/documents/coronavirus/FINAL_-_MDHHS_Rescission_of_Emergency_Orders_June_17_2021_728170_7.pdf,"Mich. Health Order (June 17, 2021)"
MI,Macomb County,26,99,7/11/2021,2,No,Official,https://www.michigan.gov/documents/coronavirus/FINAL_-_MDHHS_Rescission_of_Emergency_Orders_June_17_2021_728170_7.pdf,"Mich. Health Order (June 17, 2021)"
MI,Macomb County,26,99,7/12/2021,2,No,Official,https://www.michigan.gov/documents/coronavirus/FINAL_-_MDHHS_Rescission_of_Emergency_Orders_June_17_2021_728170_7.pdf,"Mich. Health Order (June 17, 2021)"
MI,Macomb County,26,99,7/13/2021,2,No,Official,https://www.michigan.gov/documents/coronavirus/FINAL_-_MDHHS_Rescission_of_Emergency_Orders_June_17_2021_728170_7.pdf,"Mich. Health Order (June 17, 2021)"
MI,Macomb County,26,99,7/14/2021,2,No,Official,https://www.michigan.gov/documents/coronavirus/FINAL_-_MDHHS_Rescission_of_Emergency_Orders_June_17_2021_728170_7.pdf,"Mich. Health Order (June 17, 2021)"
MI,Macomb County,26,99,7/15/2021,2,No,Official,https://www.michigan.gov/documents/coronavirus/FINAL_-_MDHHS_Rescission_of_Emergency_Orders_June_17_2021_728170_7.pdf,"Mich. Health Order (June 17, 2021)"
MI,Macomb County,26,99,7/16/2021,2,No,Official,https://www.michigan.gov/documents/coronavirus/FINAL_-_MDHHS_Rescission_of_Emergency_Orders_June_17_2021_728170_7.pdf,"Mich. Health Order (June 17, 2021)"
MI,Macomb County,26,99,7/17/2021,2,No,Official,https://www.michigan.gov/documents/coronavirus/FINAL_-_MDHHS_Rescission_of_Emergency_Orders_June_17_2021_728170_7.pdf,"Mich. Health Order (June 17, 2021)"
MI,Macomb County,26,99,7/18/2021,2,No,Official,https://www.michigan.gov/documents/coronavirus/FINAL_-_MDHHS_Rescission_of_Emergency_Orders_June_17_2021_728170_7.pdf,"Mich. Health Order (June 17, 2021)"
MI,Macomb County,26,99,7/19/2021,2,No,Official,https://www.michigan.gov/documents/coronavirus/FINAL_-_MDHHS_Rescission_of_Emergency_Orders_June_17_2021_728170_7.pdf,"Mich. Health Order (June 17, 2021)"
MI,Macomb County,26,99,7/20/2021,2,No,Official,https://www.michigan.gov/documents/coronavirus/FINAL_-_MDHHS_Rescission_of_Emergency_Orders_June_17_2021_728170_7.pdf,"Mich. Health Order (June 17, 2021)"
MI,Macomb County,26,99,7/21/2021,2,No,Official,https://www.michigan.gov/documents/coronavirus/FINAL_-_MDHHS_Rescission_of_Emergency_Orders_June_17_2021_728170_7.pdf,"Mich. Health Order (June 17, 2021)"
MI,Macomb County,26,99,7/22/2021,2,No,Official,https://www.michigan.gov/documents/coronavirus/FINAL_-_MDHHS_Rescission_of_Emergency_Orders_June_17_2021_728170_7.pdf,"Mich. Health Order (June 17, 2021)"
MI,Macomb County,26,99,7/23/2021,2,No,Official,https://www.michigan.gov/documents/coronavirus/FINAL_-_MDHHS_Rescission_of_Emergency_Orders_June_17_2021_728170_7.pdf,"Mich. Health Order (June 17, 2021)"
MI,Macomb County,26,99,7/24/2021,2,No,Official,https://www.michigan.gov/documents/coronavirus/FINAL_-_MDHHS_Rescission_of_Emergency_Orders_June_17_2021_728170_7.pdf,"Mich. Health Order (June 17, 2021)"
MI,Macomb County,26,99,7/25/2021,2,No,Official,https://www.michigan.gov/documents/coronavirus/FINAL_-_MDHHS_Rescission_of_Emergency_Orders_June_17_2021_728170_7.pdf,"Mich. Health Order (June 17, 2021)"
MI,Macomb County,26,99,7/26/2021,2,No,Official,https://www.michigan.gov/documents/coronavirus/FINAL_-_MDHHS_Rescission_of_Emergency_Orders_June_17_2021_728170_7.pdf,"Mich. Health Order (June 17, 2021)"
MI,Macomb County,26,99,7/27/2021,2,No,Official,https://www.michigan.gov/documents/coronavirus/FINAL_-_MDHHS_Rescission_of_Emergency_Orders_June_17_2021_728170_7.pdf,"Mich. Health Order (June 17, 2021)"
MI,Macomb County,26,99,7/28/2021,2,No,Official,https://www.michigan.gov/documents/coronavirus/FINAL_-_MDHHS_Rescission_of_Emergency_Orders_June_17_2021_728170_7.pdf,"Mich. Health Order (June 17, 2021)"
MI,Macomb County,26,99,7/29/2021,2,No,Official,https://www.michigan.gov/documents/coronavirus/FINAL_-_MDHHS_Rescission_of_Emergency_Orders_June_17_2021_728170_7.pdf,"Mich. Health Order (June 17, 2021)"
MI,Macomb County,26,99,7/30/2021,2,No,Official,https://www.michigan.gov/documents/coronavirus/FINAL_-_MDHHS_Rescission_of_Emergency_Orders_June_17_2021_728170_7.pdf,"Mich. Health Order (June 17, 2021)"
MI,Macomb County,26,99,7/31/2021,2,No,Official,https://www.michigan.gov/documents/coronavirus/FINAL_-_MDHHS_Rescission_of_Emergency_Orders_June_17_2021_728170_7.pdf,"Mich. Health Order (June 17, 2021)"
MI,Macomb County,26,99,8/1/2021,2,No,Official,https://www.michigan.gov/documents/coronavirus/FINAL_-_MDHHS_Rescission_of_Emergency_Orders_June_17_2021_728170_7.pdf,"Mich. Health Order (June 17, 2021)"
MI,Macomb County,26,99,8/2/2021,2,No,Official,https://www.michigan.gov/documents/coronavirus/FINAL_-_MDHHS_Rescission_of_Emergency_Orders_June_17_2021_728170_7.pdf,"Mich. Health Order (June 17, 2021)"
MI,Macomb County,26,99,8/3/2021,2,No,Official,https://www.michigan.gov/documents/coronavirus/FINAL_-_MDHHS_Rescission_of_Emergency_Orders_June_17_2021_728170_7.pdf,"Mich. Health Order (June 17, 2021)"
MI,Macomb County,26,99,8/4/2021,2,No,Official,https://www.michigan.gov/documents/coronavirus/FINAL_-_MDHHS_Rescission_of_Emergency_Orders_June_17_2021_728170_7.pdf,"Mich. Health Order (June 17, 2021)"
MI,Macomb County,26,99,8/5/2021,2,No,Official,https://www.michigan.gov/documents/coronavirus/FINAL_-_MDHHS_Rescission_of_Emergency_Orders_June_17_2021_728170_7.pdf,"Mich. Health Order (June 17, 2021)"
MI,Macomb County,26,99,8/6/2021,2,No,Official,https://www.michigan.gov/documents/coronavirus/FINAL_-_MDHHS_Rescission_of_Emergency_Orders_June_17_2021_728170_7.pdf,"Mich. Health Order (June 17, 2021)"
MI,Macomb County,26,99,8/7/2021,2,No,Official,https://www.michigan.gov/documents/coronavirus/FINAL_-_MDHHS_Rescission_of_Emergency_Orders_June_17_2021_728170_7.pdf,"Mich. Health Order (June 17, 2021)"
MI,Macomb County,26,99,8/8/2021,2,No,Official,https://www.michigan.gov/documents/coronavirus/FINAL_-_MDHHS_Rescission_of_Emergency_Orders_June_17_2021_728170_7.pdf,"Mich. Health Order (June 17, 2021)"
MI,Macomb County,26,99,8/9/2021,2,No,Official,https://www.michigan.gov/documents/coronavirus/FINAL_-_MDHHS_Rescission_of_Emergency_Orders_June_17_2021_728170_7.pdf,"Mich. Health Order (June 17, 2021)"
MI,Macomb County,26,99,8/10/2021,2,No,Official,https://www.michigan.gov/documents/coronavirus/FINAL_-_MDHHS_Rescission_of_Emergency_Orders_June_17_2021_728170_7.pdf,"Mich. Health Order (June 17, 2021)"
MI,Macomb County,26,99,8/11/2021,2,No,Official,https://www.michigan.gov/documents/coronavirus/FINAL_-_MDHHS_Rescission_of_Emergency_Orders_June_17_2021_728170_7.pdf,"Mich. Health Order (June 17, 2021)"
MI,Macomb County,26,99,8/12/2021,2,No,Official,https://www.michigan.gov/documents/coronavirus/FINAL_-_MDHHS_Rescission_of_Emergency_Orders_June_17_2021_728170_7.pdf,"Mich. Health Order (June 17, 2021)"
MI,Macomb County,26,99,8/13/2021,2,No,Official,https://www.michigan.gov/documents/coronavirus/FINAL_-_MDHHS_Rescission_of_Emergency_Orders_June_17_2021_728170_7.pdf,"Mich. Health Order (June 17, 2021)"
MI,Macomb County,26,99,8/14/2021,2,No,Official,https://www.michigan.gov/documents/coronavirus/FINAL_-_MDHHS_Rescission_of_Emergency_Orders_June_17_2021_728170_7.pdf,"Mich. Health Order (June 17, 2021)"
MI,Macomb County,26,99,8/15/2021,2,No,Official,https://www.michigan.gov/documents/coronavirus/FINAL_-_MDHHS_Rescission_of_Emergency_Orders_June_17_2021_728170_7.pdf,"Mich. Health Order (June 17, 2021)"
